latitude_1,longitude_1,latitude_2,longitude_2,slope_in_percentage,slope_standard_deviation_in_percentage
31.3204843,34.8909076,31.32095,34.89066,,
31.32095,34.89066,31.32193,34.89002,,
31.32193,34.89002,31.32253,34.88961,,
31.32253,34.88961,31.32348,34.8888,,
31.32348,34.8888,31.32402,34.88831,,
31.32402,34.88831,31.32468,34.88759,,
31.32468,34.88759,31.3252,34.88702,,
31.3252,34.88702,31.32616,34.88587,,
31.32616,34.88587,31.32717,34.88466,,
31.32717,34.88466,31.3276,34.88414,,
31.3276,34.88414,31.32846,34.88313,,
31.32846,34.88313,31.3292,34.88227,,
31.3292,34.88227,31.32996,34.88136,,
31.32996,34.88136,31.33067,34.88053,,
31.33067,34.88053,31.33143,34.87961,,
31.33143,34.87961,31.33213,34.87878,,
31.33213,34.87878,31.33334,34.87739,,
31.33334,34.87739,31.33382,34.87688,,
31.33382,34.87688,31.3349,34.87581,,
31.3349,34.87581,31.33546,34.87521,,
31.33546,34.87521,31.33657,34.87408,,
31.33657,34.87408,31.33731,34.8733,,
31.33731,34.8733,31.33769,34.87289,,
31.33769,34.87289,31.33806,34.87247,,
31.33806,34.87247,31.33857,34.87193,,
31.33857,34.87193,31.33888,34.87161,,
31.33888,34.87161,31.33982,34.8707,,
31.33982,34.8707,31.34031,34.87026,,
31.34031,34.87026,31.34056,34.87005,,
31.34056,34.87005,31.34061,34.87001,,
31.34061,34.87001,31.34201,34.86881,,
31.34201,34.86881,31.34213,34.8687,,
31.34213,34.8687,31.34228,34.86858,,
31.34228,34.86858,31.34246,34.86841,,
31.34246,34.86841,31.34267,34.86824,,
31.34267,34.86824,31.3428,34.86812,,
31.3428,34.86812,31.34309,34.8679,,
31.34309,34.8679,31.34332,34.86769,,
31.34332,34.86769,31.3434,34.86762,,
31.3434,34.86762,31.34351,34.86751,,
31.34351,34.86751,31.34364,34.86736,,
31.34364,34.86736,31.34389,34.8671,,
31.34389,34.8671,31.34428,34.86674,,
31.34428,34.86674,31.34443,34.8666,,
31.34443,34.8666,31.34464,34.86639,,
31.34464,34.86639,31.34545,34.86555,,
31.34545,34.86555,31.34554,34.86546,,
31.34554,34.86546,31.34656,34.86436,,
31.34656,34.86436,31.34658,34.86434,,
31.34658,34.86434,31.34685,34.86406,,
31.34685,34.86406,31.34899,34.86159,,
31.34899,34.86159,31.34929,34.86125,,
31.34929,34.86125,31.34976,34.86073,,
31.34976,34.86073,31.35006,34.86042,,
31.35006,34.86042,31.35066,34.85989,,
31.35066,34.85989,31.35095,34.85964,,
31.35095,34.85964,31.35133,34.85937,,
31.35133,34.85937,31.35171,34.85908,,
31.35171,34.85908,31.35211,34.85883,,
31.35211,34.85883,31.35253,34.8586,,
31.35253,34.8586,31.35288,34.85844,,
31.35288,34.85844,31.35327,34.85823,,
31.35327,34.85823,31.35362,34.85808,,
31.35362,34.85808,31.35412,34.85784,,
31.35412,34.85784,31.35468,34.85758,,
31.35468,34.85758,31.35541,34.85724,,
31.35541,34.85724,31.35604,34.85695,,
31.35604,34.85695,31.35675,34.85662,,
31.35675,34.85662,31.35734,34.85634,,
31.35734,34.85634,31.358,34.85602,,
31.358,34.85602,31.35882,34.85564,,
31.35882,34.85564,31.35961,34.85528,,
31.35961,34.85528,31.3601,34.85506,,
31.3601,34.85506,31.36058,34.85481,,
31.36058,34.85481,31.36085,34.85466,,
31.36085,34.85466,31.36107,34.85452,,
31.36107,34.85452,31.36136,34.85432,,
31.36136,34.85432,31.36165,34.85414,,
31.36165,34.85414,31.36184,34.854,,
31.36184,34.854,31.36203,34.85382,,
31.36203,34.85382,31.3624,34.85349,,
31.3624,34.85349,31.36263,34.85328,,
31.36263,34.85328,31.36293,34.85297,,
31.36293,34.85297,31.36324,34.85262,,
31.36324,34.85262,31.36348,34.85228,,
31.36348,34.85228,31.36368,34.852,,
31.36368,34.852,31.36387,34.8517,,
31.36387,34.8517,31.36419,34.85117,,
31.36419,34.85117,31.3644,34.85074,,
31.3644,34.85074,31.3646,34.8503,,
31.3646,34.8503,31.36495,34.84955,,
31.36495,34.84955,31.36528,34.84876,,
31.36528,34.84876,31.3658,34.84757,,
31.3658,34.84757,31.36638,34.84625,,
31.36638,34.84625,31.36673,34.84543,,
31.36673,34.84543,31.367,34.84461,,
31.367,34.84461,31.36712,34.84416,,
31.36712,34.84416,31.36732,34.84335,,
31.36732,34.84335,31.36741,34.84276,,
31.36741,34.84276,31.36748,34.84195,,
31.36748,34.84129,31.36748,34.84195,,
31.36747,34.84075,31.36748,34.84129,,
31.36742,34.84,31.36747,34.84075,,
31.36736,34.83903,31.36742,34.84,,
31.3673,34.83776,31.36736,34.83903,,
31.36725,34.83727,31.3673,34.83776,,
31.36722,34.83674,31.36725,34.83727,,
31.3672,34.83594,31.36722,34.83674,,
31.3672,34.83525,31.3672,34.83594,,
31.3672,34.83525,31.36727,34.83455,,
31.36727,34.83455,31.36741,34.83359,,
31.36741,34.83359,31.36751,34.83311,,
31.36751,34.83311,31.36768,34.83247,,
31.36768,34.83247,31.36795,34.83166,,
31.36795,34.83166,31.36825,34.83092,,
31.36825,34.83092,31.36851,34.83034,,
31.36851,34.83034,31.36883,34.82976,,
31.36883,34.82976,31.36915,34.82929,,
31.36915,34.82929,31.36941,34.82892,,
31.36941,34.82892,31.36972,34.82851,,
31.36972,34.82851,31.36989,34.82831,,
31.36989,34.82831,31.3703,34.82787,,
31.3703,34.82787,31.37048,34.82768,,
31.37048,34.82768,31.3706,34.82756,,
31.3706,34.82756,31.37077,34.82742,,
31.37077,34.82742,31.37097,34.82728,,
31.3709682,34.8272799,31.37097,34.82728,,
31.3709682,34.8272799,31.37107,34.82722,,
31.37107,34.82722,31.37114,34.82718,,
31.37114,34.82718,31.37122,34.82712,,
31.37122,34.82712,31.3713,34.82705,,
31.3713,34.82705,31.3714,34.82697,,
31.3714,34.82697,31.37149,34.82689,,
31.37149,34.82689,31.3716,34.82681,,
31.3716,34.82681,31.37167,34.82676,,
31.37167,34.82676,31.37178,34.82668,,
31.37178,34.82668,31.37186,34.82662,,
31.37186,34.82662,31.37198,34.82651,,
31.37198,34.82651,31.37218,34.82635,,
31.37218,34.82635,31.37238,34.8262,,
31.37238,34.8262,31.37258,34.82606,,
31.37258,34.82606,31.37285,34.82585,,
31.37285,34.82585,31.37299,34.82575,,
31.37299,34.82575,31.37312,34.82565,,
31.37312,34.82565,31.37523,34.82404,,
31.37523,34.82404,31.37607,34.82341,,
31.37607,34.82341,31.37667,34.82295,,
31.37667,34.82295,31.37728,34.82244,,
31.37728,34.82244,31.37801,34.82179,,
31.37801,34.82179,31.37861,34.82123,,
31.37861,34.82123,31.37909,34.82075,,
31.37909,34.82075,31.37972,34.82006,,
31.37972,34.82006,31.37981,34.81996,,
31.37981,34.81996,31.38076,34.81867,,
31.38076,34.81867,31.38156,34.81758,,
31.38156,34.81758,31.38184,34.81718,,
31.38184,34.81718,31.38203,34.8169,,
31.38203,34.8169,31.38227,34.8165,,
31.38227,34.8165,31.3825,34.81609,,
31.3825,34.81609,31.38292,34.81533,,
31.38292,34.81533,31.38329,34.81462,,
31.38329,34.81462,31.38393,34.81333,,
31.38393,34.81333,31.38403,34.81308,,
31.38403,34.81308,31.38424,34.81259,,
31.38424,34.81259,31.38449,34.81198,,
31.38449,34.81198,31.38561,34.80909,,
31.38561,34.80909,31.38842,34.80186,,
31.38842,34.80186,31.38998,34.79787,,
31.38998,34.79787,31.39114,34.79491,,
31.39114,34.79491,31.39139,34.79431,,
31.39139,34.79431,31.39153,34.794,,
31.39153,34.794,31.39169,34.79367,,
31.39169,34.79367,31.39185,34.79338,,
31.39185,34.79338,31.39204,34.79306,,
31.39204,34.79306,31.39224,34.79277,,
31.39224,34.79277,31.39246,34.79245,,
31.39246,34.79245,31.3927,34.79215,,
31.3927,34.79215,31.39313,34.79165,,
31.39313,34.79165,31.39357,34.79121,,
31.39357,34.79121,31.39401,34.79079,,
31.39401,34.79079,31.39446,34.79044,,
31.39446,34.79044,31.39476,34.79025,,
31.39476,34.79025,31.39512,34.79004,,
31.39512,34.79004,31.39539,34.7899,,
31.39539,34.7899,31.39569,34.78978,,
31.39569,34.78978,31.39608,34.78963,,
31.39608,34.78963,31.3966,34.78945,,
31.3966,34.78945,31.3971,34.78933,,
31.3971,34.78933,31.39742,34.78927,,
31.39742,34.78927,31.39783,34.78921,,
31.39783,34.78921,31.39825,34.78916,,
31.39825,34.78916,31.39895,34.78911,,
31.39895,34.78911,31.40039,34.78905,,
31.40039,34.78905,31.4016,34.78904,,
31.4016,34.78904,31.40243,34.78906,,
31.40243,34.78906,31.40286,34.78913,,
31.40286,34.78913,31.40305,34.78912,,
31.40305,34.78912,31.40323,34.78911,,
31.40323,34.78911,31.40344,34.7891,,
31.40344,34.7891,31.40364,34.78909,,
31.40364,34.78909,31.40482,34.789,,
31.40482,34.789,31.40548,34.78891,,
31.40548,34.78891,31.40609,34.78883,,
31.40609,34.78883,31.40659,34.78874,,
31.40659,34.78874,31.40708,34.78865,,
31.40708,34.78865,31.40934,34.78817,,
31.40934,34.78817,31.40978,34.78808,,
31.40978,34.78808,31.41145,34.78771,,
31.41145,34.78771,31.41214,34.78756,,
31.41214,34.78756,31.41396,34.78715,,
31.41396,34.78715,31.41412,34.78712,,
31.41412,34.78712,31.41499,34.78692,,
31.41499,34.78692,31.41716,34.78646,,
31.41716,34.78646,31.41754,34.78638,,
31.41754,34.78638,31.42023,34.78577,,
31.42023,34.78577,31.42084,34.78562,,
31.42084,34.78562,31.423,34.78514,,
31.423,34.78514,31.4231,34.78512,,
31.4231,34.78512,31.42442,34.78466,,
31.42442,34.78466,31.42489,34.78444,,
31.42489,34.78444,31.42555,34.78409,,
31.42555,34.78409,31.42593,34.78387,,
31.42593,34.78387,31.42612,34.78373,,
31.42612,34.78373,31.42664,34.78338,,
31.42664,34.78338,31.42696,34.78312,,
31.42696,34.78312,31.42736,34.78278,,
31.42736,34.78278,31.42769,34.78245,,
31.42769,34.78245,31.42798,34.78218,,
31.42798,34.78218,31.42838,34.78172,,
31.42838,34.78172,31.42887,34.78115,,
31.42887,34.78115,31.42926,34.78063,,
31.42926,34.78063,31.43096,34.77848,,
31.43096,34.77848,31.4324,34.77668,,
31.4324,34.77668,31.43344,34.77547,,
31.43344,34.77547,31.43367,34.77521,,
31.43367,34.77521,31.43396,34.77493,,
31.43396,34.77493,31.43436,34.77458,,
31.43436,34.77458,31.4348,34.77425,,
31.4348,34.77425,31.4353,34.77392,,
31.4353,34.77392,31.43594,34.77357,,
31.43594,34.77357,31.43632,34.77337,,
31.43632,34.77337,31.43682,34.77312,,
31.43682,34.77312,31.43729,34.77295,,
31.43729,34.77295,31.43794,34.77273,,
31.43794,34.77273,31.43924,34.77249,,
31.43924,34.77249,31.43995,34.77238,,
31.43995,34.77238,31.44024,34.77234,,
31.44024,34.77234,31.44106,34.77225,,
31.44106,34.77225,31.44108,34.77224,,
31.44108,34.77224,31.4421,34.77208,,
31.4421,34.77208,31.44241,34.77203,,
31.44241,34.77203,31.44289,34.77195,,
31.44289,34.77195,31.44417,34.77175,,
31.44417,34.77175,31.4464,34.77142,,
31.4464,34.77142,31.44692,34.77136,,
31.44692,34.77136,31.44731,34.77132,,
31.44731,34.77132,31.45083,34.77073,,
31.45083,34.77073,31.45536,34.77002,,
31.45536,34.77002,31.45847,34.76969,,
31.45847,34.76969,31.45895,34.76968,,
31.45895,34.76968,31.4595,34.76971,,
31.4595,34.76971,31.45998,34.76976,,
31.45998,34.76976,31.46079,34.76994,,
31.46079,34.76994,31.46137,34.77012,,
31.46137,34.77012,31.46178,34.77027,,
31.46178,34.77027,31.46226,34.77048,,
31.46226,34.77048,31.46245,34.77057,,
31.46245,34.77057,31.46331,34.77111,,
31.46331,34.77111,31.46348,34.77122,,
31.46348,34.77122,31.4661,34.77285,,
31.4661,34.77285,31.46644,34.77307,,
31.46644,34.77307,31.46762,34.77383,,
31.46762,34.77383,31.46912,34.77478,,
31.46912,34.77478,31.46945,34.77499,,
31.46945,34.77499,31.4698,34.77519,,
31.4698,34.77519,31.47018,34.77539,,
31.47018,34.77539,31.47035,34.77549,,
31.47035,34.77549,31.47097,34.77574,,
31.47097,34.77574,31.47137,34.77585,,
31.47137,34.77585,31.4715,34.77587,,
31.4715,34.77587,31.47168,34.77593,,
31.47168,34.77593,31.47192,34.77596,,
31.47192,34.77596,31.47243,34.77603,,
31.47243,34.77603,31.4728,34.77606,,
31.4728,34.77606,31.47363,34.77608,,
31.47363,34.77608,31.47384,34.77609,,
31.47384,34.77609,31.47708,34.77625,,
31.47708,34.77625,31.48102,34.7764,,
31.48102,34.7764,31.48137,34.77641,,
31.48137,34.77641,31.48168,34.77644,,
31.48168,34.77644,31.48204,34.77647,,
31.48204,34.77647,31.48244,34.77651,,
31.48244,34.77651,31.48287,34.77658,,
31.48287,34.77658,31.48328,34.77667,,
31.48328,34.77667,31.48345,34.7767,,
31.48345,34.7767,31.48367,34.77675,,
31.48367,34.77675,31.48391,34.7768,,
31.48391,34.7768,31.48421,34.77688,,
31.48421,34.77688,31.48456,34.777,,
31.48456,34.777,31.48496,34.77715,,
31.48496,34.77715,31.48567,34.77743,,
31.48567,34.77743,31.48654,34.77782,,
31.48654,34.77782,31.48692,34.77798,,
31.48692,34.77798,31.48727,34.77813,,
31.48727,34.77813,31.4874,34.77818,,
31.4874,34.77818,31.48754,34.77824,,
31.48754,34.77824,31.48802,34.77844,,
31.48802,34.77844,31.48812,34.77848,,
31.48812,34.77848,31.48883,34.77878,,
31.48883,34.77878,31.49176,34.78005,,
31.49176,34.78005,31.49414,34.78106,,
31.49414,34.78106,31.49532,34.78155,,
31.49532,34.78155,31.49618,34.78191,,
31.49618,34.78191,31.49687,34.7822,,
31.49687,34.7822,31.49812,34.78276,,
31.49812,34.78276,31.49947,34.78332,,
31.49947,34.78332,31.50009,34.78351,,
31.50009,34.78351,31.50071,34.78363,,
31.50071,34.78363,31.50079,34.78364,,
31.50079,34.78364,31.50133,34.7837,,
31.50133,34.7837,31.50172,34.78371,,
31.50172,34.78371,31.50244,34.7837,,
31.50244,34.7837,31.50298,34.78365,,
31.50298,34.78365,31.50341,34.78357,,
31.50341,34.78357,31.50394,34.78344,,
31.50394,34.78344,31.50541,34.78307,,
31.50541,34.78307,31.50599,34.7829,,
31.50599,34.7829,31.5067,34.7827,,
31.5067,34.7827,31.5067004,34.7827022,,
31.5067004,34.7827022,31.5069,34.78265,,
31.5069,34.78265,31.50798,34.78239,,
31.50798,34.78239,31.5085,34.78228,,
31.5085,34.78228,31.50928,34.78216,,
31.50928,34.78216,31.51,34.78208,,
31.51,34.78208,31.51061,34.78205,,
31.51061,34.78205,31.51105,34.78202,,
31.51105,34.78202,31.51151,34.78202,,
31.51151,34.78202,31.51194,34.78203,,
31.51194,34.78203,31.51225,34.78205,,
31.51225,34.78205,31.51307,34.78212,,
31.51307,34.78212,31.51344,34.78217,,
31.51344,34.78217,31.51376,34.78221,,
31.51376,34.78221,31.51424,34.78229,,
31.51424,34.78229,31.51441,34.78232,,
31.51441,34.78232,31.51459,34.78236,,
31.51459,34.78236,31.51488,34.78243,,
31.51488,34.78243,31.51551,34.78259,,
31.51551,34.78259,31.51609,34.78278,,
31.51609,34.78278,31.51666,34.78298,,
31.51666,34.78298,31.51717,34.78317,,
31.51717,34.78317,31.51765,34.78337,,
31.51765,34.78337,31.51845,34.78376,,
31.51845,34.78376,31.51912,34.78411,,
31.51912,34.78411,31.51954,34.78434,,
31.51954,34.78434,31.52009,34.78466,,
31.52009,34.78466,31.52053,34.78494,,
31.52053,34.78494,31.52092,34.78519,,
31.52092,34.78519,31.52116,34.78537,,
31.52116,34.78537,31.52137,34.78552,,
31.52137,34.78552,31.52185,34.78589,,
31.52185,34.78589,31.52303,34.78681,,
31.52303,34.78681,31.52415,34.7877,,
31.52415,34.7877,31.52536,34.78869,,
31.52536,34.78869,31.52559,34.78886,,
31.52559,34.78886,31.52638,34.78947,,
31.52638,34.78947,31.5276,34.79035,,
31.5276,34.79035,31.52779,34.79048,,
31.52779,34.79048,31.52798,34.79062,,
31.52798,34.79062,31.52953,34.79162,,
31.52953,34.79162,31.53094,34.79248,,
31.53094,34.79248,31.53252,34.79341,,
31.53252,34.79341,31.53342,34.79393,,
31.53342,34.79393,31.53407,34.79426,,
31.53407,34.79426,31.53486,34.79466,,
31.53486,34.79466,31.53555,34.795,,
31.53555,34.795,31.53672,34.79554,,
31.53672,34.79554,31.53749,34.79586,,
31.53749,34.79586,31.53928,34.79666,,
31.53928,34.79666,31.54017,34.79701,,
31.54017,34.79701,31.54199,34.79768,,
31.54199,34.79768,31.54279,34.79797,,
31.54279,34.79797,31.54326,34.79813,,
31.54326,34.79813,31.54328,34.79814,,
31.54328,34.79814,31.54334,34.79816,,
31.54334,34.79816,31.54339,34.79818,,
31.54339,34.79818,31.54357,34.79823,,
31.54357,34.79823,31.54389,34.79832,,
31.54389,34.79832,31.54456,34.79851,,
31.54456,34.79851,31.54602,34.7989,,
31.54602,34.7989,31.54743,34.79927,,
31.54743,34.79927,31.54855,34.79958,,
31.54855,34.79958,31.55182,34.80054,,
31.55182,34.80054,31.5556,34.80164,,
31.5556,34.80164,31.56054,34.80314,,
31.56054,34.80314,31.56216,34.80359,,
31.56216,34.80359,31.56554,34.80451,,
31.56554,34.80451,31.56584,34.80459,,
31.56584,34.80459,31.56713,34.80495,,
31.56713,34.80495,31.56767,34.8051,,
31.56767,34.8051,31.56856,34.80531,,
31.56856,34.80531,31.56958,34.80553,,
31.56958,34.80553,31.57027,34.80567,,
31.57027,34.80567,31.57095,34.80579,,
31.57095,34.80579,31.57301,34.80623,,
31.57301,34.80623,31.57344,34.80632,,
31.57344,34.80632,31.57415,34.80648,,
31.57415,34.80648,31.57435,34.80652,,
31.57435,34.80652,31.57507,34.80666,,
31.57507,34.80666,31.57803,34.80723,,
31.57803,34.80723,31.57976,34.80757,,
31.57976,34.80757,31.58285,34.80822,,
31.58285,34.80822,31.58309,34.80826,,
31.58309,34.80826,31.58348,34.80834,,
31.58348,34.80834,31.58499,34.80855,,
31.58499,34.80855,31.5852,34.80859,,
31.5852,34.80859,31.58542,34.80862,,
31.58542,34.80862,31.58562,34.80866,,
31.58562,34.80866,31.58586,34.80872,,
31.58586,34.80872,31.58607,34.80878,,
31.58607,34.80878,31.58624,34.80883,,
31.58624,34.80883,31.5868,34.80901,,
31.5868,34.80901,31.58785,34.80934,,
31.58785,34.80934,31.58858,34.80959,,
31.58858,34.80959,31.58914,34.80982,,
31.58914,34.80982,31.58997,34.81021,,
31.58997,34.81021,31.59063,34.81051,,
31.59063,34.81051,31.59095,34.81066,,
31.59095,34.81066,31.59103,34.8107,,
31.59103,34.8107,31.59114,34.81075,,
31.59114,34.81075,31.59163,34.81094,,
31.59163,34.81094,31.5925,34.81131,,
31.5925,34.81131,31.59358,34.81176,,
31.59358,34.81176,31.59458,34.81217,,
31.59458,34.81217,31.59512,34.81238,,
31.59512,34.81238,31.59557,34.81253,,
31.59557,34.81253,31.59608,34.81268,,
31.59608,34.81268,31.59665,34.81281,,
31.59665,34.81281,31.59711,34.8129,,
31.59711,34.8129,31.59796,34.81306,,
31.59796,34.81306,31.59864,34.81317,,
31.59864,34.81317,31.59907,34.81323,,
31.59907,34.81323,31.59918,34.81324,,
31.59918,34.81324,31.59928,34.81325,,
31.59928,34.81325,31.59937,34.81326,,
31.59937,34.81326,31.59945,34.81327,,
31.59945,34.81327,31.59962,34.81328,,
31.59962,34.81328,31.59978,34.8133,,
31.59978,34.8133,31.60018,34.81333,,
31.60018,34.81333,31.60109,34.81338,,
31.60109,34.81338,31.60131,34.8134,,
31.60131,34.8134,31.60398,34.81356,,
31.60398,34.81356,31.60447,34.81358,,
31.60447,34.81358,31.60484,34.8136,,
31.60484,34.8136,31.60505,34.81361,,
31.60505,34.81361,31.60514,34.81362,,
31.60514,34.81362,31.60523,34.81363,,
31.60523,34.81363,31.60532,34.81363,,
31.60532,34.81363,31.60544,34.81364,,
31.60544,34.81364,31.60557,34.81365,,
31.60557,34.81365,31.60571,34.81366,,
31.60571,34.81366,31.60586,34.81367,,
31.60586,34.81367,31.60598,34.81368,,
31.60598,34.81368,31.60927,34.81381,,
31.60927,34.81381,31.6097,34.81384,,
31.6097,34.81384,31.61008,34.81388,,
31.61008,34.81388,31.61135,34.814,,
31.61135,34.814,31.61384,34.81418,,
31.61384,34.81418,31.61521,34.81429,,
31.61521,34.81429,31.61653,34.81441,,
31.61653,34.81441,31.61722,34.81448,,
31.61722,34.81448,31.61764,34.81453,,
31.61764,34.81453,31.61812,34.81457,,
31.61812,34.81457,31.62121,34.81484,,
31.62121,34.81484,31.62196,34.8149,,
31.62196,34.8149,31.62274,34.81496,,
31.62274,34.81496,31.62281,34.81496,,
31.62281,34.81496,31.62288,34.81497,,
31.62288,34.81497,31.62595,34.81523,,
31.62595,34.81523,31.62744,34.81524,,
31.62744,34.81524,31.62995,34.81512,,
31.62995,34.81512,31.63043,34.81508,,
31.63043,34.81508,31.63063,34.81506,,
31.63063,34.81506,31.63096,34.81502,,
31.63096,34.81502,31.6319,34.81486,,
31.6319,34.81486,31.63399,34.81441,,
31.63399,34.81441,31.63429,34.81435,,
31.63429,34.81435,31.6346,34.81428,,
31.6346,34.81428,31.63789,34.81352,,
31.63789,34.81352,31.63996,34.81309,,
31.63996,34.81309,31.64255,34.81258,,
31.64255,34.81258,31.64263,34.81257,,
31.64263,34.81257,31.64272,34.81255,,
31.64272,34.81255,31.64554,34.81189,,
31.64554,34.81189,31.64622,34.81173,,
31.64622,34.81173,31.65058,34.81085,,
31.65058,34.81085,31.65265,34.81041,,
31.65265,34.81041,31.65309,34.81031,,
31.65309,34.81031,31.65316,34.8103,,
31.65316,34.8103,31.65323,34.81028,,
31.65323,34.81028,31.6542,34.81004,,
31.6542,34.81004,31.65883,34.80899,,
31.65883,34.80899,31.65942,34.80886,,
31.65942,34.80886,31.66186,34.80838,,
31.66186,34.80838,31.66728,34.80721,,
31.66728,34.80721,31.66836,34.80697,,
31.66836,34.80697,31.66977,34.80667,,
31.66977,34.80667,31.66996,34.80663,,
31.66996,34.80663,31.67075,34.8065,,
31.67075,34.8065,31.672,34.80639,,
31.672,34.80639,31.67206,34.80638,,
31.67206,34.80638,31.67212,34.80638,,
31.67212,34.80638,31.67223,34.80637,,
31.67223,34.80637,31.67328,34.80631,,
31.67328,34.80631,31.67387,34.80631,,
31.67387,34.80631,31.67442,34.80633,,
31.67442,34.80633,31.67506,34.80638,,
31.67506,34.80638,31.67605,34.80646,,
31.67605,34.80646,31.67712,34.80663,,
31.67712,34.80663,31.67782,34.80676,,
31.67782,34.80676,31.67934,34.80713,,
31.67934,34.80713,31.68091,34.80767,,
31.68091,34.80767,31.68212,34.80817,,
31.68212,34.80817,31.68384,34.80904,,
31.68384,34.80904,31.68531,34.80975,,
31.68531,34.80975,31.68851,34.81133,,
31.68851,34.81133,31.68919,34.81162,,
31.68919,34.81162,31.6924,34.81319,,
31.6924,34.81319,31.69395,34.81395,,
31.69395,34.81395,31.69815,34.816,,
31.69815,34.816,31.70041,34.81714,,
31.70041,34.81714,31.70274,34.81828,,
31.70274,34.81828,31.70442,34.81901,,
31.70442,34.81901,31.70536,34.81939,,
31.70536,34.81939,31.70638,34.81976,,
31.70638,34.81976,31.70731,34.82001,,
31.70731,34.82001,31.70788,34.82014,,
31.70788,34.82014,31.70801,34.82018,,
31.70801,34.82018,31.70815,34.82021,,
31.70815,34.82021,31.70848,34.82028,,
31.70848,34.82028,31.70864,34.82032,,
31.70864,34.82032,31.70921,34.82044,,
31.70921,34.82044,31.71011,34.82059,,
31.71011,34.82059,31.71133,34.82072,,
31.71133,34.82072,31.71177,34.82075,,
31.71177,34.82075,31.71288,34.82082,,
31.71288,34.82082,31.71547,34.82075,,
31.71547,34.82075,31.71872,34.82074,,
31.71872,34.82074,31.72006,34.82072,,
31.72006,34.82072,31.72072,34.82075,,
31.72072,34.82075,31.72078,34.82076,,
31.72078,34.82076,31.72084,34.82076,,
31.72084,34.82076,31.72092,34.82076,,
31.72092,34.82076,31.721,34.82076,,
31.721,34.82076,31.72214,34.82082,,
31.72214,34.82082,31.7229,34.82085,,
31.7229,34.82085,31.72428,34.82095,,
31.72428,34.82095,31.72499,34.82101,,
31.72499,34.82101,31.72679,34.82119,,
31.72679,34.82119,31.73819,34.82244,,
31.73819,34.82244,31.74004,34.82264,,
31.74004,34.82264,31.74541,34.82324,,
31.74541,34.82324,31.74672,34.82338,,
31.74672,34.82338,31.75044,34.8238,,
31.75044,34.8238,31.75187,34.82405,,
31.75187,34.82405,31.7533,34.82431,,
31.7533,34.82431,31.75524,34.82483,,
31.75524,34.82483,31.75648,34.82526,,
31.75648,34.82526,31.76038,34.82671,,
31.76038,34.82671,31.76343,34.82789,,
31.76343,34.82789,31.76929,34.8302,,
31.76929,34.8302,31.77025,34.8306,,
31.77025,34.8306,31.77054,34.83072,,
31.77054,34.83072,31.77095,34.83089,,
31.77095,34.83089,31.77223,34.83143,,
31.77223,34.83143,31.77275,34.83164,,
31.77275,34.83164,31.77397,34.83216,,
31.77397,34.83216,31.77427,34.83227,,
31.77427,34.83227,31.77489,34.83252,,
31.77489,34.83252,31.7761,34.83296,,
31.7761,34.83296,31.77668,34.83313,,
31.77668,34.83313,31.77765,34.83337,,
31.77765,34.83337,31.77835,34.83349,,
31.77835,34.83349,31.77918,34.83362,,
31.77918,34.83362,31.77972,34.83367,,
31.77972,34.83367,31.78054,34.83372,,
31.78054,34.83372,31.78077,34.83372,,
31.78077,34.83372,31.78113,34.83372,,
31.78113,34.83372,31.7816,34.83371,,
31.7816,34.83371,31.78205,34.83368,,
31.78205,34.83368,31.7825,34.83365,,
31.7825,34.83365,31.78283,34.8336,,
31.78283,34.8336,31.78294,34.83359,,
31.78294,34.83359,31.78366,34.83348,,
31.78366,34.83348,31.78405,34.83339,,
31.78405,34.83339,31.7842,34.83335,,
31.7842,34.83335,31.78481,34.83322,,
31.78481,34.83322,31.78611,34.83289,,
31.78611,34.83289,31.78632,34.83285,,
31.78632,34.83285,31.78689,34.8327,,
31.78689,34.8327,31.78701,34.83267,,
31.78701,34.83267,31.78765,34.83252,,
31.78765,34.83252,31.78781,34.83248,,
31.78781,34.83248,31.78867,34.83228,,
31.78867,34.83228,31.78905,34.83219,,
31.78905,34.83219,31.78938,34.83211,,
31.78938,34.83211,31.78995,34.83198,,
31.78995,34.83198,31.79103,34.83174,,
31.79103,34.83174,31.79143,34.83163,,
31.79143,34.83163,31.79268,34.83134,,
31.79268,34.83134,31.79333,34.83118,,
31.79333,34.83118,31.79382,34.83106,,
31.79382,34.83106,31.79443,34.83087,,
31.79443,34.83087,31.79465,34.83084,,
31.79465,34.83084,31.79513,34.83077,,
31.79513,34.83077,31.79566,34.83069,,
31.79566,34.83069,31.79588,34.83067,,
31.79588,34.83067,31.79628,34.8306,,
31.79628,34.8306,31.79676,34.83057,,
31.79676,34.83057,31.79722,34.83054,,
31.79722,34.83054,31.798,34.83055,,
31.798,34.83055,31.79878,34.8306,,
31.79878,34.8306,31.7991,34.83062,,
31.7991,34.83062,31.79927,34.83062,,
31.79927,34.83062,31.79947,34.83063,,
31.79947,34.83063,31.79961,34.83064,,
31.79961,34.83064,31.80035,34.83078,,
31.80035,34.83078,31.80113,34.83094,,
31.80113,34.83094,31.80188,34.83115,,
31.80188,34.83115,31.8031,34.83162,,
31.8031,34.83162,31.80351,34.8318,,
31.80351,34.8318,31.80403,34.83204,,
31.80403,34.83204,31.80419,34.83212,,
31.80419,34.83212,31.80448,34.83228,,
31.80448,34.83228,31.80494,34.83256,,
31.80494,34.83256,31.80517,34.83267,,
31.80517,34.83267,31.80537,34.8328,,
31.80537,34.8328,31.80602,34.83324,,
31.80602,34.83324,31.80661,34.83368,,
31.80661,34.83368,31.80726,34.83424,,
31.80726,34.83424,31.80791,34.83481,,
31.80791,34.83481,31.8087,34.83554,,
31.8087,34.83554,31.80906,34.83586,,
31.80906,34.83586,31.80997,34.8367,,
31.80997,34.8367,31.81016,34.83686,,
31.81016,34.83686,31.81018,34.83689,,
31.81018,34.83689,31.81026,34.83695,,
31.81026,34.83695,31.81033,34.83702,,
31.81033,34.83702,31.81039,34.83707,,
31.81039,34.83707,31.81043,34.8371,,
31.81043,34.8371,31.81049,34.83716,,
31.81049,34.83716,31.8107,34.83734,,
31.8107,34.83734,31.81232,34.83882,,
31.81232,34.83882,31.81488,34.84108,,
31.81488,34.84108,31.81924,34.84494,,
31.81924,34.84494,31.82593,34.85088,,
31.82593,34.85088,31.82708,34.85187,,
31.82708,34.85187,31.82828,34.85285,,
31.82828,34.85285,31.82879,34.85326,,
31.82879,34.85326,31.82984,34.85409,,
31.82984,34.85409,31.83095,34.85493,,
31.83095,34.85493,31.83198,34.85572,,
31.83198,34.85572,31.83324,34.85667,,
31.83324,34.85667,31.83398,34.85721,,
31.83398,34.85721,31.83499,34.85796,,
31.83499,34.85796,31.83868,34.86062,,
31.83868,34.86062,31.844,34.86462,,
31.844,34.86462,31.84422,34.86478,,
31.84422,34.86478,31.84439,34.86491,,
31.84439,34.86491,31.84711,34.86689,,
31.84711,34.86689,31.84756,34.86721,,
31.84756,34.86721,31.84793,34.86749,,
31.84793,34.86749,31.84853,34.86795,,
31.84853,34.86795,31.85028,34.86924,,
31.85028,34.86924,31.85095,34.86975,,
31.85095,34.86975,31.85135,34.87002,,
31.85135,34.87002,31.85175,34.8703,,
31.85175,34.8703,31.85238,34.87068,,
31.85238,34.87068,31.8531,34.87107,,
31.8531,34.87107,31.85349,34.87126,,
31.85349,34.87126,31.85385,34.87143,,
31.85385,34.87143,31.85429,34.87163,,
31.85429,34.87163,31.85581,34.87218,,
31.85581,34.87218,31.85687,34.87244,,
31.85687,34.87244,31.85936,34.87283,,
31.85936,34.87283,31.86083,34.87306,,
31.86083,34.87306,31.86335,34.87346,,
31.86335,34.87346,31.86676,34.87402,,
31.86676,34.87402,31.86699,34.87407,,
31.86699,34.87407,31.86946,34.87457,,
31.86946,34.87457,31.86978,34.87465,,
31.86978,34.87465,31.87121,34.87501,,
31.87121,34.87501,31.8732,34.8756,,
31.8732,34.8756,31.87325,34.87561,,
31.87325,34.87561,31.87473,34.87611,,
31.87473,34.87611,31.87504,34.87623,,
31.87504,34.87623,31.87597,34.8766,,
31.87597,34.8766,31.87695,34.877,,
31.87695,34.877,31.87796,34.87739,,
31.87796,34.87739,31.87918,34.87794,,
31.87918,34.87794,31.8795,34.87809,,
31.8795,34.87809,31.88186,34.87911,,
31.88186,34.87911,31.88252,34.87942,,
31.88252,34.87942,31.88295,34.87957,,
31.88295,34.87957,31.88419,34.88003,,
31.88419,34.88003,31.88502,34.88033,,
31.88502,34.88033,31.88561,34.88053,,
31.88561,34.88053,31.8862,34.8807,,
31.8862,34.8807,31.88783,34.8812,,
31.88783,34.8812,31.88892,34.88147,,
31.88892,34.88147,31.89145,34.88207,,
31.89145,34.88207,31.89171,34.88213,,
31.89171,34.88213,31.89208,34.88222,,
31.89208,34.88222,31.8944,34.88274,,
31.8944,34.88274,31.89461,34.88279,,
31.89461,34.88279,31.89533,34.88296,,
31.89533,34.88296,31.89592,34.8831,,
31.89592,34.8831,31.89667,34.88332,,
31.89667,34.88332,31.89693,34.88341,,
31.89693,34.88341,31.89772,34.88369,,
31.89772,34.88369,31.8985,34.88401,,
31.8985,34.88401,31.89932,34.88443,,
31.89932,34.88443,31.89963,34.88459,,
31.89963,34.88459,31.90004,34.88482,,
31.90004,34.88482,31.90102,34.88546,,
31.90102,34.88546,31.90183,34.88604,,
31.90183,34.88604,31.9029,34.88692,,
31.9029,34.88692,31.9036,34.88757,,
31.9036,34.88757,31.90402,34.88801,,
31.90402,34.88801,31.90412,34.88811,,
31.90412,34.88811,31.90481,34.8889,,
31.90481,34.8889,31.90536,34.8896,,
31.90536,34.8896,31.90568,34.89,,
31.90568,34.89,31.90592,34.89034,,
31.90592,34.89034,31.90673,34.89155,,
31.90673,34.89155,31.90709,34.8921,,
31.90709,34.8921,31.90762,34.89291,,
31.90762,34.89291,31.90859,34.89437,,
31.90859,34.89437,31.90888,34.89479,,
31.90888,34.89479,31.91033,34.89696,,
31.91033,34.89696,31.91047,34.89718,,
31.91047,34.89718,31.91081,34.89769,,
31.91081,34.89769,31.91084,34.89773,,
31.91084,34.89773,31.91113,34.89817,,
31.91113,34.89817,31.91143,34.89863,,
31.91143,34.89863,31.91224,34.8998,,
31.91224,34.8998,31.91285,34.90072,,
31.91285,34.90072,31.91325,34.90133,,
31.91325,34.90133,31.91362,34.90194,0.300340368546,
31.91362,34.90194,31.91396,34.90253,1.57686402596,0.6047426406396826
31.91396,34.90253,31.91408,34.90278,1.74804822308,1.397768109655579
31.91408,34.90278,31.91424,34.9031,1.5553550786,0.9189918347019791
31.91424,34.9031,31.91453,34.90375,1.99448658188,0.8011037326949445
31.91453,34.90375,31.9151,34.90519,2.0519357565,0.45821435327199633
31.9151,34.90519,31.91555,34.90673,2.02449793216,0.5719475576475304
31.91555,34.90673,31.91558,34.90685,1.83434250078,2.733101812507094
31.91558,34.90685,31.91592,34.90813,1.28724185468,0.5841574022200765
31.91592,34.90813,31.91594,34.90819,1.31175961315,3.6294429910673065
31.91594,34.90819,31.91596,34.90828,1.40829586787,5.385781489581916
31.91596,34.90828,31.91655,34.91054,0.776406291312,0.26667055274241214
31.91655,34.91054,31.91694,34.91209,-0.296450141767,0.47052988374902105
31.91694,34.91209,31.91702,34.91239,-0.928037545874,1.6925419970582531
31.91702,34.91239,31.91778,34.9153,-1.33028852201,0.29745415358982774
31.91778,34.9153,31.9181,34.91655,-0.555401107648,0.45443855132018385
31.9181,34.91655,31.91844,34.91783,-0.252307344133,0.4352278035660797
31.91844,34.91783,31.91867,34.91861,0.296172550326,0.9047360610423765
31.91867,34.91861,31.91899,34.91953,0.305020081917,0.9315259654409737
31.91899,34.91953,31.91956,34.92072,0.707264456051,0.8773011862534273
31.91956,34.92072,31.91994,34.92138,0.300874654652,0.7415921112358478
31.91994,34.92138,31.9205,34.92223,-0.084211789451,0.7451630069809473
31.9205,34.92223,31.92099,34.92287,-0.194178855628,0.7673253701055706
31.92099,34.92287,31.92154,34.9235,-0.497916549829,1.2479453801749263
31.92154,34.9235,31.92179,34.92374,-0.367360068735,1.9695104131724557
31.92179,34.92374,31.92212,34.92406,-1.49476141169,1.7568387317633873
31.92212,34.92406,31.92236,34.92427,-1.07892571093,1.7226818291691528
31.92236,34.92427,31.92269,34.92453,-0.881784880556,1.1320116215570937
31.92269,34.92453,31.92335,34.92502,-0.82245675607,1.8187851551661445
31.92335,34.92502,31.92358,34.92518,-1.22122548006,1.6375847351096748
31.92358,34.92518,31.92408,34.92549,-1.07579464218,1.247573364833423
31.92408,34.92549,31.9246,34.92578,-0.560946048646,0.6384592889397406
31.9246,34.92578,31.92497,34.92597,0.269649607305,1.6015827347427207
31.92497,34.92597,31.92519,34.92608,-1.30259401197,1.989871198006512
31.92519,34.92608,31.92568,34.9263,0.697565067909,2.8945633945276357
31.92568,34.9263,31.92581,34.92636,-1.3123001015,4.268719900645287
31.92581,34.92636,31.92654,34.92663,0.15767455803,0.7709565015479862
31.92654,34.92663,31.92726,34.92686,0.379305083849,0.7167272169894218
31.92726,34.92686,31.92825,34.9271,0.307475618197,0.26342442118786213
31.92825,34.9271,31.92879,34.9272,-0.261817702269,0.8159058786330544
31.92879,34.9272,31.92953,34.92734,0.175178510496,0.6593818430251632
31.92953,34.92734,31.93048,34.92754,0.3709863022,0.6055085865830868
31.93048,34.92754,31.93072,34.92759,0.636085138892,2.4821268782409254
31.93072,34.92759,31.93324,34.92809,0.495233155538,0.27083758455766666
31.93324,34.92809,31.9336,34.92816,0.27424901701,1.885915872906
31.9336,34.92816,31.93525,34.92848,-0.398557869879,0.4152510581344356
31.93525,34.92848,31.93579,34.92859,-0.988299150688,1.5183637551400866
31.93579,34.92859,31.93656,34.92874,-1.28032667299,0.8706673387408835
31.93656,34.92874,31.93722,34.92887,-1.50532986569,1.2531381932644379
31.93722,34.92887,31.94,34.9294,-1.63794819975,0.37253889633288795
31.94,34.9294,31.94092,34.92958,0.603030671563,0.8224747426527433
31.94092,34.92958,31.94464,34.93028,2.47349656227,0.2564472435056343
31.94464,34.93028,31.94586,34.9305,2.38591699742,0.4056480641469351
31.94586,34.9305,31.94627,34.93061,2.3581186836,1.3555764526154233
31.9462662,34.930606,31.94627,34.93061,,
31.9462662,34.930606,31.94646,34.93062,2.87279353032,3.8092176887226943
31.94646,34.93062,31.9467,34.93066,1.59904146291,2.0429001794602653
31.9467,34.93066,31.94731,34.93078,1.94947652004,0.7042458832619362
31.94731,34.93078,31.94788,34.93096,1.74557589878,0.8415832254755313
31.94788,34.93096,31.94791,34.93098,,
31.94791,34.93098,31.948,34.931,1.67025141735,4.611019812001765
31.948,34.931,31.94832,34.93111,1.14747698775,1.7751254779534609
31.94832,34.93111,31.94895,34.93133,1.26744223388,0.5595404019826544
31.94895,34.93133,31.94935,34.93146,0.651289479918,0.9515323574207748
31.94935,34.93146,31.95,34.93174,0.733658337955,0.44919367644311287
31.95,34.93174,31.95077,34.93215,0.507294805987,0.7172336474991657
31.95077,34.93215,31.9532,34.93367,0.0751048604647,0.22286445872520208
31.9532,34.93367,31.95556,34.93499,-0.671178368405,0.3069499986065122
31.95556,34.93499,31.95602,34.93525,-1.47702615145,0.9916200669187695
31.95602,34.93525,31.95612,34.93531,2.46542117401,4.579982323031279
31.95612,34.93531,31.95641,34.93547,-1.87346126619,2.00853585239711
31.95641,34.93547,31.95721,34.93602,-1.31079738645,0.5644642586365077
31.95721,34.93602,31.95789,34.93659,-1.10917304589,0.6835626510752127
31.95789,34.93659,31.95798,34.93668,-1.38590505175,4.837121262923485
31.95798,34.93668,31.95807,34.93677,-1.33199847426,2.8951417404169737
31.95807,34.93677,31.9582,34.9369,-0.131952311308,3.20681218477027
31.9582,34.9369,31.95825,34.93697,2.81904083722,8.070358387604768
31.95825,34.93697,31.95894,34.93774,0.193693346338,0.8174724066940223
31.95894,34.93774,31.95967,34.93868,0.595481760671,0.6297129276507483
31.95967,34.93868,31.95977,34.93884,1.13447157312,3.260383335416152
31.95977,34.93884,31.95988,34.93903,2.44044271904,5.1649022263907485
31.95988,34.93903,31.96,34.93922,0.728625755897,3.4827419500610772
31.96,34.93922,31.96004,34.93927,0.129964618543,4.556340812007978
31.96004,34.93927,31.96008,34.93933,1.21086908315,4.443740771955961
31.96008,34.93933,31.96015,34.93945,0.648461490167,4.342209971545997
31.96015,34.93945,31.96022,34.93957,1.33979088498,3.6414725112369943
31.96022,34.93957,31.96051,34.94003,0.714794364086,1.8695343827523923
31.96051,34.94003,31.96077,34.94055,1.07727478209,1.152469495736481
31.96077,34.94055,31.96146,34.94187,0.955429873605,0.4977757056872084
31.96146,34.94187,31.96153,34.94202,0.666638020683,3.4666735453332036
31.96153,34.94202,31.9616,34.94216,0.6644046484,5.4833900827607795
31.9616,34.94216,31.96225,34.94344,0.874742620934,0.5748148284627745
31.96225,34.94344,31.96244,34.94383,1.05450321823,1.1991707227701516
31.96244,34.94383,31.96287,34.94475,0.792870228454,0.46121127261810185
31.96287,34.94475,31.96337,34.94579,0.154895941356,0.48201779031315345
31.96337,34.94579,31.96362,34.94626,-0.607829132974,0.8504003724845592
31.96362,34.94626,31.96388,34.94678,-0.575122342689,0.8205349231109598
31.96388,34.94678,31.96397,34.94695,-0.053568213803,2.224886175531276
31.96397,34.94695,31.96409,34.94719,-0.504384855398,1.5090081808339557
31.96409,34.94719,31.96419,34.94738,-0.610656431897,2.607170150451604
31.96419,34.94738,31.96498,34.94896,0.0509865184482,0.8770362096158629
31.96498,34.94896,31.96504,34.94909,6.78516849786,17.6078332676966
31.96504,34.94909,31.96524,34.94953,-4.29814568036,9.81501286220245
31.96524,34.94953,31.96618,34.95137,0.614726471965,2.2710695532130005
31.96618,34.95137,31.96631,34.95161,2.38608136014,24.46796554727751
31.96631,34.95161,31.96638,34.95175,-4.840013829,26.22695134315605
31.96638,34.95175,31.9667,34.9524,-1.72718228737,4.413375073962717
31.9667,34.9524,31.96733,34.95364,-2.88251046286,2.2603271359601744
31.96733,34.95364,31.96758,34.95409,-1.64691546955,2.0196263905328875
31.96758,34.95409,31.96813,34.95514,-1.12440765385,0.44724168398989167
31.96813,34.95514,31.96823,34.95531,-0.747126910783,2.231513786312991
31.96823,34.95531,31.96841,34.95566,-1.09738472087,1.3492177314670675
31.96841,34.95566,31.96853,34.95589,-1.11964435826,2.818088362396941
31.96853,34.95589,31.96865,34.95611,-1.35983428614,2.3993764151071435
31.96865,34.95611,31.96894,34.95658,-0.284969691322,2.360809176218888
31.96894,34.95658,31.96919,34.95695,-0.0246428966975,1.0284118024356497
31.96919,34.95695,31.96938,34.95723,0.32235031151,1.7451182133222192
31.96938,34.95723,31.96975,34.95771,0.721677378665,1.7054334918593392
31.96975,34.95771,31.97003,34.95803,1.71459755886,1.3082688613583662
31.97003,34.95803,31.97033,34.95836,1.91064909993,1.4959848544781404
31.97033,34.95836,31.97117,34.95921,2.51235356677,1.5587059901418399
31.97117,34.95921,31.97227,34.96001,2.60570543803,0.52000969514132
31.97227,34.96001,31.97344,34.96065,1.88628671534,0.6678615933384457
31.97344,34.96065,31.97445,34.96101,1.24489508094,0.3362079132187279
31.97445,34.96101,31.97493,34.96113,1.0426975698,1.0287629487010501
31.97493,34.96113,31.97551,34.96128,0.29234436447,0.7461185834397158
31.97551,34.96128,31.97609,34.96137,-0.14725575528,0.5994030119732343
31.97609,34.96137,31.97661,34.96145,-0.66983599699,0.6943995881115128
31.97661,34.96145,31.97688,34.96148,-0.719612977063,1.313508133929157
31.97688,34.96148,31.97715,34.96152,-0.929647780093,1.5732803326781613
31.97715,34.96152,31.97743,34.96156,-0.602721671646,1.811303720721351
31.97743,34.96156,31.97763,34.96159,-1.80429952037,2.2740955756717174
31.97763,34.96159,31.97823,34.96166,-1.35505071295,0.7256487994582311
31.97823,34.96166,31.9788,34.96176,-1.37879580615,0.6553010980015653
31.9788,34.96176,31.98254,34.96222,-1.60908859687,0.11210704914500756
31.98254,34.96222,31.98304,34.96229,-1.11407065051,0.7698708505028666
31.98304,34.96229,31.98324,34.96232,-1.19796615705,1.9800598254350819
31.98324,34.96232,31.98354,34.96235,-1.26955219393,1.331478147947029
31.98354,34.96235,31.98384,34.96239,-1.47635513901,1.4423883033620906
31.98384,34.96239,31.98461,34.96248,-1.08691325293,0.5521872511785287
31.98461,34.96248,31.98839,34.96297,-1.01683017259,0.16349943086218544
31.98839,34.96297,31.98938,34.96316,-0.836718921544,0.6054245818737402
31.98938,34.96316,31.98982,34.96326,-1.06473531099,0.7734380284755946
31.98982,34.96326,31.99016,34.96336,0.232640049449,2.453578786292135
31.99016,34.96336,31.99047,34.96344,-0.864512627933,1.4439299788175348
31.99047,34.96344,31.99064,34.96349,0.101348938473,5.19787566124099
31.99064,34.96349,31.99214,34.96399,1.22570126796,0.3480079504153683
31.99214,34.96399,31.99342,34.96444,2.52844995139,0.4846461618755305
31.99342,34.96444,31.99381,34.96456,3.25993544316,1.1173963676574108
31.99381,34.96456,31.99536,34.96508,3.54046314136,0.3230639474334072
31.99536,34.96508,31.99677,34.9656,3.26404826741,0.3121319431605615
31.99677,34.9656,31.99798,34.96595,2.27081851197,0.42574543019013583
31.99798,34.96595,31.99867,34.9661,1.20902537134,0.6112242798528574
31.99867,34.9661,31.99947,34.96623,0.86817638688,0.6712276300908763
31.99947,34.96623,32.00115,34.96634,0.217150514125,0.3181288176006506
32.00115,34.96634,32.00167,34.96638,0.442217670428,0.8584655401091416
32.00167,34.96638,32.0022,34.96643,0.462245032327,0.7925392036386363
32.0022,34.96643,32.00285,34.96645,0.900533309593,0.7226047718098411
32.00285,34.96645,32.00352,34.96649,1.88917272389,0.6020693590162127
32.00352,34.96649,32.00527,34.96657,2.98494952915,0.31154437312069483
32.00527,34.96657,32.00633,34.96661,3.83754032109,0.5289182380165347
32.00633,34.96661,32.00744,34.96668,3.93294362137,0.48755927723309767
32.00744,34.96668,32.00842,34.96673,4.08391666368,0.5337885296341645
32.00842,34.96673,32.01059,34.96682,4.05969457571,0.2204184033127467
32.01059,34.96682,32.01184,34.96687,3.38474843184,0.2911657444236882
32.01184,34.96687,32.01261,34.96689,2.94074793944,0.5883679859595072
32.01261,34.96689,32.0136,34.96697,2.23349732123,0.46494653446143525
32.0136,34.96697,32.01435,34.96703,1.80661535046,0.5993697502653406
32.01435,34.96703,32.0146,34.96704,2.28002913627,2.194754917027339
32.0146,34.96704,32.01485,34.96706,1.06481027771,2.405896632346961
32.01485,34.96706,32.01506,34.96707,1.86273972392,3.287627317443368
32.01506,34.96707,32.01527,34.96709,1.42624758491,2.8596272630598607
32.01527,34.96709,32.01602,34.96711,1.01921107238,0.7266682438419239
32.01602,34.96711,32.01674,34.96711,0.144801749159,0.8670677176512159
32.01674,34.96711,32.01774,34.96706,-0.597726375297,0.4014335894020395
32.01774,34.96706,32.01839,34.96697,-0.788787577442,0.6146373376871594
32.01839,34.96697,32.01907,34.96682,-1.47058368412,0.505088236536805
32.01907,34.96682,32.01979,34.96662,-2.01937215777,0.7851765249168132
32.01979,34.96662,32.02028,34.96643,-2.76304131868,0.92455261407313
32.02028,34.96643,32.02127,34.96599,-2.94415575621,0.6676456216941098
32.02127,34.96599,32.02166,34.96577,-4.30758188384,1.0699573969301683
32.02166,34.96577,32.02206,34.96554,-4.10601822459,0.8450581810784058
32.02206,34.96554,32.02248,34.96526,-4.25425727024,0.8909929821196628
32.02248,34.96526,32.02317,34.96474,-4.86306197004,0.5647971130792651
32.02317,34.96474,32.02408,34.96397,-4.9201185983,0.5662268967367912
32.02408,34.96397,32.02478,34.96334,-4.73173523177,0.5663714446662449
32.02478,34.96334,32.02565,34.96258,-3.97762305118,0.7255038162329884
32.02565,34.96258,32.0264,34.96191,-3.04869675081,0.3752225231060472
32.0264,34.96191,32.02688,34.96145,-2.08536600295,0.6462357587324523
32.02688,34.96145,32.02732,34.96106,-1.64802446869,0.69486628302065
32.02732,34.96106,32.02765,34.96079,-0.998249164879,1.176249911293046
32.02765,34.96079,32.02914,34.95954,-0.571160657618,0.3351154368450845
32.02914,34.95954,32.02939,34.95931,-0.621873812907,1.6087600288228225
32.02939,34.95931,32.02972,34.95896,-1.23760025525,0.9272136008702482
32.02972,34.95896,32.0313,34.95729,-0.870386965245,0.5874745578949864
32.0313,34.95729,32.033,34.95554,-0.324011205053,0.35362055611339865
32.033,34.95554,32.03422,34.95433,-0.619552601477,0.4671744416723874
32.03422,34.95433,32.03492,34.95364,-0.840680109485,0.6356359438530337
32.03492,34.95364,32.03531,34.95325,-0.976839177017,1.1751350531249072
32.03531,34.95325,32.03593,34.95268,-2.00022577912,1.3329265027286463
32.03593,34.95268,32.03638,34.95229,-1.98000391627,0.6125642344847434
32.03638,34.95229,32.03714,34.95171,-1.64218741074,0.3840882023068948
32.03714,34.95171,32.03834,34.95088,-2.23996503263,0.33155246145516165
32.03834,34.95088,32.03961,34.94998,-3.05025742247,0.3168356804745969
32.03961,34.94998,32.04275,34.94787,-3.15364930951,0.19753561492545504
32.04275,34.94787,32.04889,34.94359,-0.961116894247,0.12276227708297066
32.04889,34.94359,32.0512,34.9421,-1.04744188395,0.27004748059402156
32.0512,34.9421,32.0524,34.94126,-1.56127959635,0.6050516230150698
32.0524,34.94126,32.05344,34.94056,-1.84633105039,0.5134524207177791
32.05344,34.94056,32.05383,34.94035,-1.95211467466,0.9878381945201751
32.05383,34.94035,32.05411,34.94019,-1.71490508276,1.6967736391353658
32.05411,34.94019,32.0545,34.94002,-1.70360156929,1.368655161544389
32.0545,34.94002,32.05505,34.93979,-1.48418210634,0.9769889314227264
32.05505,34.93979,32.05547,34.93964,-1.3511091054,0.8529997582563257
32.05547,34.93964,32.05612,34.93944,-1.50716240607,0.7251170078301287
32.05612,34.93944,32.05787,34.93889,-1.66529249058,0.35175036212878014
32.05787,34.93889,32.06086,34.93795,-0.427834833734,0.2687200008758837
32.06086,34.93795,32.06207,34.93757,0.47128990641,0.5420708029688721
32.06207,34.93757,32.06797,34.93573,-0.122095577097,0.10773042042367312
32.06797,34.93573,32.06801,34.93572,,
32.06801,34.93572,32.06808,34.9357,2.99710687601,5.331386891799115
32.06808,34.9357,32.06817,34.93568,3.18164193893,6.224379766362222
32.06817,34.93568,32.06826,34.93565,0.198575990615,15.923318579256796
32.06826,34.93565,32.06925,34.93535,-0.988927212181,0.4765002489141818
32.06925,34.93535,32.0728,34.93424,-0.802728486652,0.14296469781311158
32.0728,34.93424,32.07355,34.93401,-0.667682173562,1.2608583142894234
32.07355,34.93401,32.07461,34.93368,-0.683974886954,0.4392325132980844
32.07461,34.93368,32.07527,34.93348,0.0318668538907,0.6688898471313489
32.07527,34.93348,32.0762,34.93314,-0.0219192415539,0.43069273991570584
32.0762,34.93314,32.07718,34.93291,0.295243425313,0.5205439661580585
32.07718,34.93291,32.07741,34.93287,1.04118740271,1.844763220122918
32.07741,34.93287,32.07769,34.93284,0.427183876437,1.9020406746019287
32.07769,34.93284,32.0783,34.9328,0.528576873306,0.8101833701340644
32.0783,34.9328,32.0785,34.9328,-0.0580065928248,2.3596320988381794
32.0785,34.9328,32.07878,34.93281,0.401359159484,1.3325462783722848
32.07878,34.93281,32.07929,34.93281,0.13798163137,0.9396492824806579
32.07929,34.93281,32.08026,34.9329,-0.29389073151,0.5084647572461074
32.08026,34.9329,32.08559,34.93358,-0.775468281932,0.10017770223737105
32.08559,34.93358,32.08597,34.93362,-0.748483875791,1.6640850810904317
32.08597,34.93362,32.09302,34.93447,-0.863393442042,0.06031721689707018
32.09302,34.93447,32.09653,34.93482,-0.5306993962,0.13585512497591118
32.09653,34.93482,32.09676,34.93484,-0.580118788198,1.725275419932089
32.09676,34.93484,32.09755,34.93493,0.213067114682,0.6209038411298565
32.09755,34.93493,32.09949,34.93517,0.363011008929,0.19853928279952593
32.09949,34.93517,32.10035,34.93528,0.360504669705,0.4412540589977522
32.10035,34.93528,32.10206,34.9355,0.59822309285,0.25541561927177775
32.10206,34.9355,32.10313,34.93561,0.670885350617,0.5043982985548111
32.10313,34.93561,32.10405,34.93569,-0.621089027386,0.5018713908745076
32.10405,34.93569,32.10533,34.93576,-0.733454437164,0.41708010874209894
32.10533,34.93576,32.10626,34.93581,-0.617233439886,0.5728482350235284
32.10626,34.93581,32.10648,34.93583,-0.86316032729,2.745966455346818
32.10648,34.93583,32.10708,34.93589,-0.76923290355,1.0602957537295588
32.10708,34.93589,32.10758,34.93592,-0.866117957328,1.4361360940551013
32.10758,34.93592,32.1086,34.93601,-0.83379372976,0.40170770872613326
32.1086,34.93601,32.10879,34.93603,-0.935737125445,2.3186596797080417
32.10879,34.93603,32.1098,34.93617,-0.694556310467,0.509740671975828
32.1098,34.93617,32.11042,34.93626,-0.0134822055889,1.5005597636133932
32.11042,34.93626,32.11067,34.9363,-0.941814567679,3.31039500341864
32.11067,34.9363,32.11132,34.93643,0.388543087975,0.9288607252407676
32.11132,34.93643,32.11206,34.93659,0.47714689921,0.6132102535105157
32.11206,34.93659,32.11378,34.93717,0.216165781287,0.40469147319094345
32.11378,34.93717,32.11421,34.93734,0.388261046486,1.2574695499272266
32.11421,34.93734,32.1146,34.93749,0.534932368706,1.126538872089262
32.1146,34.93749,32.11585,34.93807,0.427028777109,0.38454043648755126
32.11585,34.93807,32.11625,34.93826,0.865197937105,0.9357251569090566
32.11625,34.93826,32.11671,34.93851,0.218022048384,0.9439392537106069
32.11671,34.93851,32.11721,34.93879,0.426061358914,1.0629454489588166
32.11721,34.93879,32.1181,34.93932,0.285297712361,0.6185671190027445
32.1181,34.93932,32.11842,34.93954,0.655964541952,1.16280284129827
32.11842,34.93954,32.11898,34.93993,0.849769649146,0.8321915102132107
32.11898,34.93993,32.11909,34.94001,2.85696478126,4.314586785565213
32.11909,34.94001,32.11918,34.94007,-3.22197676531,5.175681532597999
32.11918,34.94007,32.11979,34.94054,0.60943247721,0.8162203646628657
32.11979,34.94054,32.12012,34.94081,0.716311575346,1.1506198951603785
32.12012,34.94081,32.12091,34.94152,0.683216612549,0.3347916342476218
32.12091,34.94152,32.12139,34.94197,0.568072657131,0.6510916164221624
32.12139,34.94197,32.1242,34.94465,0.260810069905,0.2137379125736695
32.1242,34.94465,32.1246,34.94503,-0.724473391372,1.1249930969676332
32.1246,34.94503,32.12535,34.94577,-0.595461541372,0.5878520962027586
32.12535,34.94577,32.12771,34.94808,0.0227406160863,0.22802303113893976
32.12771,34.94808,32.12853,34.94886,0.494280697394,0.5680376766547343
32.12853,34.94886,32.13015,34.95044,0.573198168988,0.29904595210118656
32.13015,34.95044,32.13233,34.95254,0.735924444967,0.210000973523195
32.13233,34.95254,32.1329,34.95309,0.636400506425,0.5381979666252485
32.1329,34.95309,32.13362,34.95382,0.694322881232,0.4996905363383128
32.13362,34.95382,32.13645,34.95648,0.702073926817,0.2020909222176269
32.13645,34.95648,32.13764,34.9576,1.07979412332,0.31103746436616453
32.13764,34.9576,32.13858,34.95838,0.574498752935,0.36679402496377583
32.13858,34.95838,32.13898,34.95871,0.256262368752,1.4228865444922782
32.13898,34.95871,32.13902,34.95873,-1.63951618626,
32.13902,34.95873,32.13935,34.95898,0.102585591866,1.1735232220465512
32.13935,34.95898,32.13962,34.95918,-0.0104919997132,1.3478872005203912
32.13962,34.95918,32.13973,34.95925,4.6148745865,5.019560338500586
32.13973,34.95925,32.14017,34.95957,-1.03638377016,0.9776579884426574
32.14017,34.95957,32.14099,34.96009,0.248063972307,0.6807134766753454
32.14099,34.96009,32.14122,34.96022,-0.792646747146,1.5497021790148873
32.14122,34.96022,32.14197,34.96062,-0.0588899826588,0.6124591461398818
32.14197,34.96062,32.14246,34.96087,-0.206907471513,0.7260029397262852
32.14246,34.96087,32.14318,34.96121,-0.213637566929,0.5801209472623088
32.14318,34.96121,32.14427,34.96169,-0.420828483926,0.3844574030741059
32.14427,34.96169,32.14498,34.96195,0.062156488103,0.6846548429894349
32.14498,34.96195,32.14589,34.96224,0.156606823767,0.38381442888344625
32.14589,34.96224,32.14677,34.96246,0.105286388965,0.6116666845003572
32.14677,34.96246,32.14772,34.96267,0.374600694186,0.6752934692185323
32.14772,34.96267,32.14873,34.96283,0.507934080053,0.33625639498151594
32.14873,34.96283,32.14974,34.96294,0.712334400251,0.36258128900141284
32.14974,34.96294,32.15068,34.96299,0.792980577285,0.5456577667484119
32.15068,34.96299,32.15134,34.96299,0.670006552529,0.5965119719493277
32.15134,34.96299,32.15177,34.96299,0.708018317597,1.1049444085721551
32.15177,34.96299,32.15276,34.96293,0.589361405391,0.532430506857581
32.15276,34.96293,32.15324,34.96289,0.323278269956,0.8942200169437882
32.15324,34.96289,32.15401,34.96279,0.384549328787,0.6207673681918376
32.15401,34.96279,32.1548,34.96268,-0.216167553222,0.5007162082176374
32.1548,34.96268,32.15574,34.96251,-0.616896498195,0.642263712735638
32.15574,34.96251,32.1569,34.96231,-0.455362292702,0.41639177901389823
32.1569,34.96231,32.15778,34.96216,-0.29407151031,0.491505500236932
32.15778,34.96216,32.16007,34.96175,-0.270890493146,0.29013222907489994
32.16007,34.96175,32.16094,34.96156,-0.371267503188,0.694633460112679
32.16094,34.96156,32.16677,34.96049,-0.364492661944,0.12216154177766272
32.16677,34.96049,32.17068,34.95979,-0.329064235632,0.16206705620267242
32.17068,34.95979,32.17257,34.95942,-0.464287280044,0.32012455581595617
32.17257,34.95942,32.17474,34.95904,-0.120339446297,0.2866837345884954
32.17474,34.95904,32.1761,34.95882,0.0697357267451,0.5277713183249281
32.1761,34.95882,32.17846,34.95841,0.341649343879,0.3132978847960336
32.17846,34.95841,32.17971,34.95824,0.336853152806,0.4912683339908324
32.17971,34.95824,32.18273,34.95781,-0.138408541377,0.18440142577074614
32.18273,34.95781,32.18437,34.95754,-0.288854703431,0.34382813253005473
32.18437,34.95754,32.18519,34.95739,-0.117572723607,0.5109015673174307
32.18519,34.95739,32.18632,34.95721,0.115852649077,0.4656821657548967
32.18632,34.95721,32.1911,34.95637,0.341966396309,0.19785607882849998
32.1911,34.95637,32.1918,34.95627,0.260862321791,1.076563238852472
32.1918,34.95627,32.1927,34.95622,0.278788650057,0.5632193531409905
32.1927,34.95622,32.19376,34.9562,0.299002857302,0.4554125152113173
32.19376,34.9562,32.19466,34.95623,0.360290758634,0.6726461009625456
32.19466,34.95623,32.19551,34.95632,0.417444067138,0.5870379540439566
32.19551,34.95632,32.19554,34.95632,,
32.19554,34.95632,32.1964,34.95648,0.0948752837014,0.769462683712575
32.1964,34.95648,32.19742,34.95672,0.783912635435,0.5153642199650784
32.19742,34.95672,32.19853,34.95705,1.01574137286,1.0234802828980172
32.19853,34.95705,32.19938,34.9574,0.963103561356,0.538537421359446
32.19938,34.9574,32.20046,34.95788,0.956672881694,0.483736645546697
32.20046,34.95788,32.20122,34.95829,0.610804382727,0.47734685836691304
32.20122,34.95829,32.20179,34.95863,0.902472863452,0.6321990340255575
32.20179,34.95863,32.20252,34.95913,1.13660995133,0.6433030029475586
32.20252,34.95913,32.2027,34.95926,2.18998336168,2.569369258898913
32.2027,34.95926,32.20302,34.9595,1.1182411012,1.0864753217720466
32.20302,34.9595,32.20342,34.9598,0.899655659587,1.2412287172585406
32.20342,34.9598,32.20445,34.96058,1.03952996861,0.36657177080638303
32.20445,34.96058,32.20567,34.96155,1.07295179927,0.5044241653593426
32.20567,34.96155,32.20715,34.9627,0.978758821752,0.37280158748021763
32.20715,34.9627,32.20839,34.96367,0.9894745431,0.3876575625741823
32.20839,34.96367,32.21058,34.96539,0.570331546489,0.25181995108889577
32.21058,34.96539,32.21159,34.96619,0.200715356777,0.8918935288127134
32.21159,34.96619,32.21231,34.96676,-0.29957704484,1.00811092119471
32.21231,34.96676,32.21938,34.97227,-0.316218779363,0.11656447630728807
32.21938,34.97227,32.22002,34.97276,0.158488496158,0.7087381116458383
32.22002,34.97276,32.22079,34.97332,-0.326802824779,0.4760654707348673
32.22079,34.97332,32.22139,34.97372,-0.7979199762,0.6850142799539483
32.22139,34.97372,32.22166,34.9739,-0.0524276187785,1.6590084234341171
32.22166,34.9739,32.22318,34.97473,-0.572192018392,0.3636539124352488
32.22318,34.97473,32.22362,34.97497,-0.560799869023,0.9572249140824495
32.22362,34.97497,32.23093,34.97841,-0.116902096323,0.09234634731237856
32.23093,34.97841,32.2324,34.97911,0.434526032554,0.3338497867625034
32.2324,34.97911,32.23252,34.97915,5.74922832143,2.997922005569508
32.23252,34.97915,32.23571,34.98065,-0.157685519986,0.17486449472553064
32.23571,34.98065,32.23928,34.98235,-0.821267688662,0.15374513514544644
32.23928,34.98235,32.24,34.98271,-0.760904360163,0.5784787203524676
32.24,34.98271,32.24271,34.98394,0.518778369369,0.2362318795872497
32.24271,34.98394,32.24345,34.98425,0.392715002892,0.5681497426681896
32.24345,34.98425,32.24357,34.9843,-0.0255954410144,2.848119058132147
32.24357,34.9843,32.24376,34.98438,0.154488691858,1.856248827473191
32.24376,34.98438,32.24424,34.98456,0.44836522539,0.9608543730632103
32.24424,34.98456,32.25027,34.98659,-0.403118021587,0.10953702104686662
32.25027,34.98659,32.25033,34.98661,0.454540952567,4.581557573271348
32.25033,34.98661,32.25366,34.98774,-0.654941087465,0.19338879016438432
32.25366,34.98774,32.25815,34.98966,-0.7120652343,0.13531703913807092
32.25815,34.98966,32.26505,34.99262,-0.0976332052933,0.07661114327129152
32.26505,34.99262,32.26524,34.9927,-1.16033316163,2.645698250254146
32.26524,34.9927,32.27185,34.99556,-0.0069503143072,0.08631744681814271
32.27185,34.99556,32.27387,34.99643,-0.43202964906,0.2859801540421727
32.27387,34.99643,32.27667,34.99764,0.0979724887132,0.1768745223023242
32.27667,34.99764,32.27737,34.99796,0.628759434254,0.6264481875295101
32.27737,34.99796,32.2787,34.99863,0.227016242032,0.3656266231220156
32.2787,34.99863,32.27969,34.99917,-0.240279971212,0.48454160872552715
32.27969,34.99917,32.28104,34.99999,-0.316799417651,0.27376316750219654
32.28104,34.99999,32.28191,35.00059,-0.0183895659134,0.5450762577927206
32.28191,35.00059,32.28204,35.00067,4.87862052028,2.9861263636160036
32.28204,35.00067,32.2843,35.00223,0.760817967199,0.1955479320893371
32.2843,35.00223,32.28703,35.00439,0.456173953694,0.20124810279675032
32.28703,35.00439,32.28829,35.00536,0.345252201159,0.4376434556260605
32.28829,35.00536,32.28875,35.00572,0.764840146603,1.104585190655009
32.28875,35.00572,32.28939,35.00626,0.089125467202,0.8136272661352195
32.28939,35.00626,32.29059,35.00712,-0.499913320515,0.45596331606749135
32.29059,35.00712,32.29218,35.00813,-0.642892576229,0.27489682751551325
32.29218,35.00813,32.29312,35.00866,-0.611678162799,0.4927867798082567
32.29312,35.00866,32.29458,35.00943,-0.524161599938,0.33463896312115954
32.29458,35.00943,32.29569,35.00991,-0.63019192522,0.4857867450100512
32.29569,35.00991,32.29733,35.01055,-0.340153868311,0.3599757677528393
32.29733,35.01055,32.29955,35.01124,0.256532657627,0.30650735545885927
32.29955,35.01124,32.30017,35.01138,0.398946534064,0.6794425652251564
32.30017,35.01138,32.30133,35.01166,0.372548821063,0.44528604816765016
32.30133,35.01166,32.30234,35.01181,0.256270112033,0.4779466561887495
32.30234,35.01181,32.30357,35.01197,0.312434588604,0.29576249281182765
32.30357,35.01197,32.30482,35.01206,-0.116211258984,0.5028841331490637
32.30482,35.01206,32.30648,35.01222,0.273214190684,0.3708856612665673
32.30648,35.01222,32.30776,35.01232,0.273918940763,0.5390245917639499
32.30776,35.01232,32.30965,35.01248,0.300627877174,0.2575143179585438
32.30965,35.01248,32.31093,35.01259,0.381856729262,0.4962149298277427
32.31093,35.01259,32.31174,35.01267,0.312729525384,0.8911160697727358
32.31174,35.01267,32.31196,35.01269,-0.308418129327,2.2084879350159343
32.31196,35.01269,32.31333,35.01276,0.541494214977,0.275168405706144
32.31333,35.01276,32.31367,35.01279,1.0291103761,1.2293723001947037
32.31367,35.01279,32.31378,35.0128,3.61745815845,4.250514136756326
32.31378,35.0128,32.31525,35.0129,0.273071120489,0.34257701936252793
32.31525,35.0129,32.31579,35.01292,0.878649977053,0.9460786609605624
32.31579,35.01292,32.31584,35.01292,-1.48306029992,3.066906283486623
32.31584,35.01292,32.31716,35.01296,0.468767965975,0.3743911288407718
32.31716,35.01296,32.31763,35.01295,0.259774397657,0.8611307394586789
32.31763,35.01295,32.3202,35.0128,-0.053907973854,0.21749847012397133
32.3202,35.0128,32.32057,35.01275,-0.620679403746,1.324787240869856
32.32057,35.01275,32.32131,35.01268,-0.764798778661,0.6814676919075328
32.32131,35.01268,32.32147,35.01266,-1.10150333934,2.711600879152172
32.32147,35.01266,32.32191,35.01261,-0.500229621968,1.189260725217589
32.32191,35.01261,32.32244,35.01253,-1.00059396905,1.3194916044838938
32.32244,35.01253,32.32302,35.01242,-0.861524052987,0.6529718289492057
32.32302,35.01242,32.32329,35.01237,-0.478971884354,1.811584908870071
32.32329,35.01237,32.32395,35.01225,-1.03695627805,0.8666522911745037
32.32395,35.01225,32.325,35.01199,-0.798611521494,0.5603237892422747
32.325,35.01199,32.32968,35.01067,-0.566492380455,0.11513018302373017
32.32968,35.01067,32.33167,35.0101,-0.456386443395,0.2684899807040943
32.33167,35.0101,32.3332,35.00965,-0.385561239974,0.270992201344795
32.3332,35.00965,32.33682,35.00859,-0.386183040243,0.17040172023768035
32.33682,35.00859,32.33723,35.00847,-1.35731777023,1.2477188956876915
32.33723,35.00847,32.33813,35.00832,-0.406262661983,0.5524389502700096
32.33813,35.00832,32.33905,35.00825,-0.256037512746,0.5092137123240583
32.33905,35.00825,32.33988,35.00826,0.673908834212,0.5641726480953592
32.33988,35.00826,32.34081,35.00836,0.72260531008,0.5914086144663367
32.34081,35.00836,32.34164,35.00855,0.568610999652,0.6979530820901789
32.34164,35.00855,32.34252,35.00883,0.125785653486,0.5459869365994686
32.34252,35.00883,32.34337,35.00917,0.572980233168,0.5238548681448633
32.34337,35.00917,32.3465,35.01063,-0.452617895574,0.14958990892795535
32.3465,35.01063,32.34859,35.01159,0.4107009672,0.28126455822973156
32.34859,35.01159,32.35226,35.01328,0.478006554448,0.17982766042788798
32.35226,35.01328,32.35261,35.01344,0.171425043261,1.411645132618238
32.35261,35.01344,32.35503,35.01457,-0.268309064869,0.2375042872489443
32.35503,35.01457,32.35583,35.01492,0.113441477356,0.49720927217337874
32.35583,35.01492,32.35633,35.01513,0.222241774578,0.9860236408498139
32.35633,35.01513,32.35738,35.0155,-0.211797537864,0.4711001755039459
32.35738,35.0155,32.35802,35.01565,-0.659318814745,0.8112954483592415
32.35802,35.01565,32.35818,35.01569,-0.130237997005,3.034516634771021
32.35818,35.01569,32.35902,35.01581,-0.0498421788406,0.8164924630593544
32.35902,35.01581,32.35991,35.01586,0.503069375173,1.0042618736074551
32.35991,35.01586,32.36084,35.01582,0.44898192729,0.6283429746838809
32.36084,35.01582,32.36231,35.01565,0.150774929691,0.33238884930199974
32.36231,35.01565,32.36429,35.01539,0.551878335893,0.2569092115116934
32.36429,35.01539,32.36999,35.01459,-0.278346087251,0.11689507225036977
32.36999,35.01459,32.37076,35.0145,-0.852074784673,0.7105369384286105
32.37076,35.0145,32.3714,35.01448,-0.308328616055,0.9857676729880473
32.3714,35.01448,32.3723,35.01451,-0.372648404561,0.5260181553200738
32.3723,35.01451,32.37285,35.01458,-0.155343860553,0.847548552683138
32.37285,35.01458,32.37341,35.01467,0.227112283044,0.9765388010323927
32.37341,35.01467,32.37435,35.01492,0.402006275242,0.4940638711721493
32.37435,35.01492,32.37445,35.01496,-0.117622289454,4.287953401049072
32.37445,35.01496,32.37529,35.0153,0.6351471637,0.4017488889845303
32.37529,35.0153,32.37626,35.01568,0.663974246983,0.5883727316000807
32.37626,35.01568,32.37811,35.01652,0.32206972407,0.28123654402897524
32.37811,35.01652,32.37911,35.01691,0.327533614159,0.6216234092144443
32.37911,35.01691,32.37992,35.01724,0.0082177592443,0.4657499546583668
32.37992,35.01724,32.38293,35.01857,-0.100069098178,0.13773280191335943
32.38293,35.01857,32.3848,35.01931,-0.101224239428,0.3236358284619332
32.3848,35.01931,32.38535,35.01947,-0.64862978838,0.9531413445778866
32.38535,35.01947,32.38553,35.01952,-0.826033870714,2.5572829868858933
32.38553,35.01952,32.38612,35.01968,-0.515774500943,1.1614004329615948
32.38612,35.01968,32.38627,35.0197,0.406798730157,2.953066167902857
32.38627,35.0197,32.38772,35.01993,-0.455928634372,0.6918828354352384
32.38772,35.01993,32.38792,35.01995,-0.258286193563,1.3773249218672352
32.38792,35.01995,32.38855,35.02002,-0.437999652521,0.7851379752106759
32.38855,35.02002,32.3886,35.02003,1.52142804722,5.760797137768155
32.3886,35.02003,32.39572,35.02026,-0.51366711778,0.11173510625066772
32.39572,35.02026,32.39647,35.0203,-0.406037634454,0.7572720591570863
32.39647,35.0203,32.39689,35.02036,-0.439704081447,0.9451357773369509
32.39689,35.02036,32.39749,35.02039,-0.582276434733,0.7037215981034234
32.39749,35.02039,32.40044,35.02055,-0.638500750888,0.195834203898435
32.40044,35.02055,32.40057,35.02056,-1.19509543415,3.4155986659591036
32.40057,35.02056,32.40167,35.02059,0.332746438893,0.4595111785167498
32.40167,35.02059,32.40533,35.02069,0.00378058806047,0.16429325392321908
32.40533,35.02069,32.40633,35.02073,-0.459083130211,0.5545818478880762
32.40633,35.02073,32.40722,35.02078,-0.39289051316,0.8034676064186287
32.40722,35.02078,32.4083,35.02088,-0.529132904081,0.5687246027149901
32.4083,35.02088,32.40865,35.02094,-0.215080288683,1.664644505339843
32.40865,35.02094,32.40951,35.02107,-0.574914444251,0.7047638648012196
32.40951,35.02107,32.40966,35.02109,0.525626996396,3.363353648368021
32.40966,35.02109,32.40981,35.02112,0.161482462151,3.4070402887046316
32.40981,35.02112,32.40999,35.02114,0.727433559126,2.889062291289215
32.40999,35.02114,32.41017,35.02116,0.476122802071,2.9995058504302534
32.41017,35.02116,32.41134,35.02131,1.44542919056,0.5023936480783395
32.41134,35.02131,32.41238,35.02146,3.14334726891,0.6411485714608198
32.41238,35.02146,32.41273,35.0215,3.4776273373,1.5962749942935477
32.41273,35.0215,32.41325,35.02156,2.65548449605,1.2520439360103794
32.41325,35.02156,32.41384,35.02158,2.76768110106,1.2962506355203567
32.41384,35.02158,32.41436,35.02158,1.53750849935,1.04774193565308
32.41436,35.02158,32.41517,35.02153,1.14987314109,0.5707580864478541
32.41517,35.02153,32.41782,35.02132,0.552486894138,0.3593853280298175
32.41782,35.02132,32.4184,35.02128,-0.302588809185,0.7399312504291748
32.4184,35.02128,32.41864,35.02126,-0.073307834392,1.8999736858725629
32.41864,35.02126,32.41889,35.02124,0.12816516907,1.4472396950214401
32.41889,35.02124,32.41971,35.02117,-0.288759725891,0.5971793149660681
32.41971,35.02117,32.42027,35.02112,-0.364046872774,0.9410945846141905
32.42027,35.02112,32.42195,35.02098,-0.874220985121,0.3716284172801203
32.42195,35.02098,32.42285,35.02098,-1.42533033762,0.8025675022272255
32.42285,35.02098,32.4237,35.02103,-1.33510148303,0.5865990011773696
32.4237,35.02103,32.4248,35.02116,-1.36040496013,0.455421693685838
32.4248,35.02116,32.42564,35.02132,-1.61001439475,0.5520707344156984
32.42564,35.02132,32.42572,35.02133,-1.16652760716,5.986708120677626
32.42572,35.02133,32.42642,35.02154,-1.58347464344,0.5767498279170584
32.42642,35.02154,32.4274,35.02187,-1.12863985771,0.45411067219609486
32.4274,35.02187,32.42824,35.02224,-0.320815389296,0.4343355294481968
32.42824,35.02224,32.42889,35.02259,0.222718779483,0.6750133500639514
32.42889,35.02259,32.42942,35.02287,0.831096135958,0.7960716793609247
32.42942,35.02287,32.42976,35.02309,0.469139424799,1.5352642462015686
32.42976,35.02309,32.42999,35.02325,0.285501918222,2.0481498692914575
32.42999,35.02325,32.43085,35.02386,0.21774288126,0.5772366407638181
32.43085,35.02386,32.43175,35.02465,0.27729106479,0.3852546154182363
32.43175,35.02465,32.43262,35.02546,0.596548020236,0.449617568829765
32.43262,35.02546,32.43389,35.02671,0.366901383504,0.35827200328341363
32.43389,35.02671,32.43419,35.027,0.428729655911,1.5869648992815217
32.43419,35.027,32.43724,35.03001,1.42701655376,0.18099653484768458
32.43724,35.03001,32.43983,35.03253,1.60206332225,0.21336146210208282
32.43983,35.03253,32.44049,35.03317,1.68627779538,1.4630710441234256
32.44049,35.03317,32.44096,35.0336,0.648886696971,1.081044339394158
32.44096,35.0336,32.44163,35.03413,0.247483462124,0.7034819925453214
32.44163,35.03413,32.44218,35.03451,0.511989089111,0.6314246464954104
32.44218,35.03451,32.44269,35.03481,-0.227313468654,0.962268279676669
32.44269,35.03481,32.44323,35.03515,-0.58858025437,0.9506008336196217
32.44323,35.03515,32.44407,35.03556,-0.941682930453,0.914261722566621
32.44407,35.03556,32.44481,35.03587,-1.21918852053,0.6016283473266534
32.44481,35.03587,32.44543,35.03608,-0.727879925077,0.8728608275179875
32.44543,35.03608,32.44637,35.03634,-0.266732321473,0.5827887338883455
32.44637,35.03634,32.44713,35.03652,0.464759006747,0.67450184405864
32.44713,35.03652,32.44715,35.03652,,
32.44715,35.03652,32.44756,35.03659,0.522614862067,1.1873920928849993
32.44756,35.03659,32.44769,35.03661,2.10415670322,3.615482525070425
32.44769,35.03661,32.44778,35.03662,-0.235437574575,5.90679837649571
32.44778,35.03662,32.448,35.03665,1.08303521731,2.168377003026791
32.448,35.03665,32.44839,35.03669,0.911394788259,1.6250451222801496
32.44839,35.03669,32.44844,35.03669,2.58384564361,2.8262536877663282
32.44844,35.03669,32.44962,35.03678,1.71167431608,0.5200664653941064
32.44962,35.03678,32.44986,35.0368,2.22797935623,2.3447172824321085
32.44986,35.0368,32.45114,35.03684,3.1829624692,0.35714231918268313
32.45114,35.03684,32.45275,35.03695,3.30490767121,0.5109480505588776
32.45275,35.03695,32.45461,35.03708,3.56058157011,0.31105216957759313
32.45461,35.03708,32.45553,35.03711,3.1400170234,0.44178188412929714
32.45553,35.03711,32.45654,35.03707,2.58734379977,0.3727316226467862
32.45654,35.03707,32.45732,35.03699,2.09831175394,0.4618426925591133
32.45732,35.03699,32.45779,35.0369,1.65871152539,0.9894684011903292
32.45779,35.0369,32.45799,35.03686,1.31143676156,2.4376374044177678
32.45799,35.03686,32.45821,35.0368,2.27723279232,2.7739521644486356
32.45821,35.0368,32.45837,35.03677,2.9345100108,7.732796133811198
32.45837,35.03677,32.45888,35.03665,1.2324990296,1.0515702894805037
32.45888,35.03665,32.45951,35.03646,0.65646195427,0.8559400082822382
32.45951,35.03646,32.45993,35.03633,0.735806368286,1.0027964586173985
32.45993,35.03633,32.46051,35.03611,0.110318151622,0.8921075049736404
32.46051,35.03611,32.4614,35.03582,-0.0773689605883,0.5476910568921695
32.4614,35.03582,32.46154,35.03577,0.320751219083,3.291141799049271
32.46154,35.03577,32.46173,35.0357,-0.0925716980115,3.042847441774827
32.46173,35.0357,32.46179,35.03568,-0.457614647155,5.166112647654925
32.46179,35.03568,32.46257,35.03545,-0.613424424792,0.6381302800967708
32.46257,35.03545,32.46328,35.03528,-1.22258096618,1.7565747365830566
32.46328,35.03528,32.46381,35.03519,-1.75695692251,1.1914323246098861
32.46381,35.03519,32.46437,35.03512,-0.743697967084,1.5132962173867688
32.46437,35.03512,32.46494,35.03509,-1.44243372994,0.7524301132028848
32.46494,35.03509,32.465,35.03508,-1.02838139193,4.316192642703523
32.465,35.03508,32.46539,35.03508,-1.68241591489,1.1565105045932087
32.46539,35.03508,32.46594,35.0351,-1.21539457356,1.0586609939879466
32.46594,35.0351,32.46643,35.03515,-1.72088909338,1.2501077742929492
32.46643,35.03515,32.46698,35.03522,-1.61880700996,1.02471905556622
32.46698,35.03522,32.46752,35.03531,-1.79922945642,0.9665303862104017
32.46752,35.03531,32.46805,35.03544,-1.39573654755,0.7983388288397112
32.46805,35.03544,32.46863,35.0356,-1.04767148611,1.045153756367515
32.46863,35.0356,32.46883,35.03565,-1.08446990427,3.0138150402553596
32.46883,35.03565,32.47097,35.0363,-1.43068159395,0.6783811965683324
32.47097,35.0363,32.47128,35.0364,-1.86098060093,1.4294249602195297
32.47128,35.0364,32.47309,35.03695,-1.36645437709,0.6956812294403514
32.47309,35.03695,32.47321,35.03699,3.20043599016,4.807280801998367
32.47321,35.03699,32.47322,35.03699,,
32.47322,35.03699,32.47378,35.03713,-2.01349513829,1.3185840658447163
32.47378,35.03713,32.47404,35.0372,-0.726773475147,2.1075355857147464
32.47404,35.0372,32.47459,35.03729,-1.11685536393,1.133761676274526
32.47459,35.03729,32.47488,35.03733,-0.788198925154,1.934618210182946
32.47488,35.03733,32.47518,35.03735,-1.16273983413,1.0791061242065256
32.47518,35.03735,32.47554,35.03737,-0.77595899855,1.0522157563274241
32.47554,35.03737,32.47593,35.03738,-0.774546999427,1.0277495983384353
32.47593,35.03738,32.47622,35.03738,-0.882473050589,1.475915640938418
32.47622,35.03738,32.47651,35.03737,-0.0283301924334,2.027927559514609
32.47651,35.03737,32.4769,35.03733,-0.916193901034,1.481514974289535
32.4769,35.03733,32.47719,35.03729,-0.29848742796,1.4534456658855508
32.47719,35.03729,32.47741,35.03726,-0.522713375269,2.48813008863477
32.47741,35.03726,32.47777,35.0372,-0.447887068042,1.1499652567803718
32.47777,35.0372,32.4781,35.03713,0.205504072638,1.1031739229909627
32.4781,35.03713,32.47848,35.03705,0.206349493953,1.114864083767666
32.47848,35.03705,32.47881,35.03695,0.363980444306,1.8994764304767588
32.47881,35.03695,32.47917,35.03683,0.253040439267,1.1163850028418545
32.47917,35.03683,32.47946,35.03674,0.0990599258554,1.3543835531948352
32.47946,35.03674,32.47976,35.03661,0.548734002478,2.157244202900809
32.47976,35.03661,32.48,35.0365,1.10401114626,1.9584833635496686
32.48,35.0365,32.4803,35.03634,0.677198357219,1.0742121287973847
32.4803,35.03634,32.48056,35.03621,0.43218130361,1.2379812294593213
32.48056,35.03621,32.48087,35.03603,1.71666253608,1.2580067523284078
32.48087,35.03603,32.4812,35.03583,1.10629759353,0.7850716330643351
32.4812,35.03583,32.48144,35.03567,0.881009772109,1.3856130894546914
32.48144,35.03567,32.48158,35.03559,1.85017570783,3.8509706848065255
32.48158,35.03559,32.48172,35.03547,0.526304341009,2.926274289859644
32.48172,35.03547,32.48188,35.03535,1.20080169958,2.3217059842806367
32.48188,35.03535,32.48205,35.0352,1.11318078408,1.8187550164528636
32.48205,35.0352,32.48229,35.03497,0.550538955787,1.0735714641368714
32.48229,35.03497,32.48253,35.03474,1.04683936018,1.221649989998541
32.48253,35.03474,32.48262,35.03466,-1.33933548312,3.0029443813465893
32.48262,35.03466,32.48271,35.03457,0.979967601585,2.1832939832280527
32.48271,35.03457,32.48301,35.03431,0.667438138766,0.9208010506691704
32.48301,35.03431,32.4839,35.03348,0.831866649008,0.4425660730343012
32.4839,35.03348,32.48545,35.03201,0.888233123182,0.9933942280016076
32.48545,35.03201,32.48779,35.02981,0.044196510225,0.6325074315109379
32.48779,35.02981,32.48817,35.02949,-0.624178302855,0.8463131671995541
32.48817,35.02949,32.48827,35.02941,-0.653056223046,2.588741078020703
32.48827,35.02941,32.48855,35.02919,-0.731425020894,1.0916577964649417
32.48855,35.02919,32.48867,35.02909,-0.14567996977,1.8988772286460147
32.48867,35.02909,32.48878,35.029,-1.11613797927,2.4552994288082006
32.48878,35.029,32.48905,35.02879,0.141899760926,2.2465704323345395
32.48905,35.02879,32.48962,35.0284,-0.387160060256,0.985496081041419
32.48962,35.0284,32.48996,35.02817,-0.270509205408,0.8274163316712859
32.48996,35.02817,32.49025,35.02797,-0.589330190951,0.7288701245400081
32.49025,35.02797,32.49062,35.02776,-0.10572312325,0.6968887954364059
32.49062,35.02776,32.49102,35.02758,0.240035178263,1.2323694790490622
32.49102,35.02758,32.49161,35.02733,-0.544495033601,1.214001056967517
32.49161,35.02733,32.49242,35.02706,0.674167837242,0.6160372692033061
32.49242,35.02706,32.49311,35.02687,0.770053133973,0.48488354949071855
32.49311,35.02687,32.49391,35.02678,1.61731008384,0.4907623494625417
32.49391,35.02678,32.49448,35.02673,1.29478119102,0.7224495259048177
32.49448,35.02673,32.49524,35.02669,1.56428071696,0.4590254771759575
32.49524,35.02669,32.49546,35.0267,0.804972418882,2.17595198538229
32.49546,35.0267,32.49653,35.02677,1.35421871453,0.4492584673831568
32.49653,35.02677,32.49773,35.02686,1.32925020161,0.4624028536911835
32.49773,35.02686,32.49843,35.02688,1.14685808355,0.5817270248313141
32.49843,35.02688,32.49961,35.02691,1.20813159786,0.3144739144877742
32.49961,35.02691,32.50108,35.02697,1.220990258,0.22131260703565098
32.50108,35.02697,32.50275,35.02703,0.567780199737,0.22117823697982983
32.50275,35.02703,32.50565,35.02722,-0.649703347212,0.25943878243556084
32.50565,35.02722,32.50688,35.02729,-1.48429694105,0.561559872778342
32.50688,35.02729,32.50943,35.02743,-1.00048425552,0.28329485381476716
32.50943,35.02743,32.51012,35.02743,-0.144899957932,0.5697591491221713
32.51012,35.02743,32.51026,35.02743,-0.526628997767,2.9334184418607303
32.51026,35.02743,32.51041,35.02742,1.29763387864,1.388677950110091
32.51041,35.02742,32.51049,35.02742,0.135166068959,4.883769029019884
32.51049,35.02742,32.51051,35.02743,,
32.51051,35.02743,32.51066,35.02743,1.11052361377,2.304018916120976
32.51066,35.02743,32.51091,35.02745,0.660983517947,2.097627533869866
32.51091,35.02745,32.51465,35.02725,1.80337858501,0.4264757348669442
32.51465,35.02725,32.51585,35.02719,2.38122741783,0.2109385226453904
32.51585,35.02719,32.51913,35.02709,2.27756036117,0.1678746040888321
32.51913,35.02709,32.52086,35.02701,0.93407336966,0.28696865921046816
32.52086,35.02701,32.52421,35.02689,-1.55399209005,0.1404248559842598
32.52421,35.02689,32.52438,35.02691,-3.66486673568,2.9710331797636815
32.52438,35.02691,32.52462,35.02694,-4.21867867732,1.9382858171471071
32.52462,35.02694,32.52489,35.02695,-3.08400234785,1.5556522399566064
32.52489,35.02695,32.52517,35.02697,-3.48143425819,1.3366689932060944
32.52517,35.02697,32.52586,35.02695,-2.79366050396,0.6342584198748109
32.52586,35.02695,32.527,35.02692,-1.49104781797,0.40365125555547066
32.527,35.02692,32.52714,35.02692,0.088032257894,2.978031960965617
32.52714,35.02692,32.52744,35.02692,0.459076652112,1.5976961721123724
32.52744,35.02692,32.52756,35.02692,-0.89332763263,3.6811396798383553
32.52756,35.02692,32.52848,35.02692,1.08773456269,0.513594534432637
32.52848,35.02692,32.53033,35.02693,1.84726274322,0.20633281431562156
32.53033,35.02693,32.5321,35.02691,1.62448496614,0.28742093643887595
32.5321,35.02691,32.53327,35.02688,1.67377417792,0.24836789996388137
32.53327,35.02688,32.53421,35.02696,1.54484094581,0.32986543617704556
32.53421,35.02696,32.53444,35.02699,1.90681240848,1.200133205743045
32.53444,35.02699,32.5353,35.0272,1.79302260877,0.3793061031197177
32.5353,35.0272,32.5357,35.02732,1.81410677149,1.2229948545415494
32.5357,35.02732,32.53617,35.0275,2.09710100373,2.307091936894032
32.53617,35.0275,32.53687,35.0278,1.30161553007,1.24361839180379
32.53687,35.0278,32.53728,35.02798,1.46139862743,0.8848470799180774
32.53728,35.02798,32.5379,35.02832,1.32058026988,0.5694196099704245
32.5379,35.02832,32.5393,35.02913,0.660962415577,0.2543236499057164
32.5393,35.02913,32.53959,35.0293,0.671305193009,1.2265607596120784
32.53959,35.0293,32.54041,35.02978,0.756898757124,0.5051385390773245
32.54041,35.02978,32.54113,35.03015,-0.308598583832,0.40802602951721
32.54113,35.03015,32.54187,35.03048,-0.29728682574,0.3785352620148423
32.54187,35.03048,32.54241,35.03069,-0.669809324522,0.6646842442472105
32.54241,35.03069,32.54363,35.03108,0.080530494788,0.2711983591461418
32.54363,35.03108,32.54393,35.03114,1.19826089268,1.6176282335414038
32.54393,35.03114,32.54406,35.03116,1.47328229291,2.8649242177806378
32.54406,35.03116,32.54409,35.03117,,
32.54409,35.03117,32.54423,35.03119,1.0792544835,2.1278457293852124
32.54423,35.03119,32.54437,35.03122,1.41687758509,3.9370740097787524
32.54437,35.03122,32.54454,35.03125,1.5939394001,1.4882803675873693
32.54454,35.03125,32.54529,35.03136,1.9128261719,0.5238655201506709
32.54529,35.03136,32.54607,35.03141,1.84658275005,0.6045969781852052
32.54607,35.03141,32.54703,35.0314,1.28272684486,0.3037090528925142
32.54703,35.0314,32.54795,35.03142,,
32.54795,35.03142,32.54955,35.03137,0.236890168111,0.3241424554497869
32.54955,35.03137,32.55073,35.03135,-1.22277869717,0.3525299266282186
32.55073,35.03135,32.55092,35.03135,-1.4976486332,1.5514155945325274
32.55092,35.03135,32.55175,35.03138,-1.94639793947,0.4375850899123789
32.55175,35.03138,32.5524,35.03144,-1.6307330942,0.7873950099018975
32.5524,35.03144,32.55261,35.03146,-1.33448415584,2.031055635796067
32.55261,35.03146,32.55317,35.03155,-1.88908947087,0.643372463105645
32.55317,35.03155,32.55326,35.03157,-4.30043019471,5.1735375984760115
32.55326,35.03157,32.55379,35.03173,-1.33515346253,0.6509791833692123
32.55379,35.03173,32.55395,35.03179,-1.27909645063,2.871655001488901
32.55395,35.03179,32.55435,35.03196,-1.64534089585,0.6408199351929147
32.55435,35.03196,32.55465,35.03211,-1.81523043284,1.1378726135565158
32.55465,35.03211,32.55492,35.03226,-2.16308280784,1.6866585553117592
32.55492,35.03226,32.5555,35.03252,1.43383379804,1.1439348519460995
32.5555,35.03252,32.55622,35.03296,-2.63652790002,2.0693904414831588
32.55622,35.03296,32.55701,35.03354,0.165432632286,1.8120287676313895
32.55701,35.03354,32.5576,35.03408,-1.63498980702,3.581418410648296
32.5576,35.03408,32.55781,35.0343,-6.94464080586,8.214439417140753
32.55781,35.0343,32.55814,35.03464,-4.39062411018,3.8631676669226946
32.55814,35.03464,32.55838,35.0349,-0.701226047398,1.6321816515480356
32.55838,35.0349,32.55852,35.03502,-2.5716691405,4.686704843866131
32.55852,35.03502,32.55875,35.03526,-1.13516504326,2.019839069517045
32.55875,35.03526,32.55908,35.03562,-1.84133046708,1.266080248687211
32.55908,35.03562,32.55918,35.03573,-1.91659467377,3.2223528119924008
32.55918,35.03573,32.55942,35.03598,-1.69436699568,1.1297052627994437
32.55942,35.03598,32.55969,35.03627,-1.71074889408,0.5973746539793429
32.55969,35.03627,32.55974,35.03633,-0.374242746072,1.6104308069026663
32.55974,35.03633,32.55995,35.03655,-1.50064781029,1.2059997580825625
32.55995,35.03655,32.55999,35.0366,-8.84102098891,
32.55999,35.0366,32.56028,35.0369,-2.23959533105,1.401544594726543
32.56028,35.0369,32.56114,35.03781,-0.862351551272,0.3702391095766998
32.56114,35.03781,32.56171,35.0384,-0.322492984616,0.5090074024719078
32.56171,35.0384,32.56195,35.03863,-0.665189123937,0.8080449651098434
32.56195,35.03863,32.56235,35.03899,-0.00591166978322,0.6228860085584013
32.56235,35.03899,32.56277,35.03937,-0.312858346385,0.6948832951802775
32.56277,35.03937,32.56349,35.03994,0.403542510949,0.3874005572511521
32.56349,35.03994,32.56418,35.04044,0.454170776219,0.5607892958833147
32.56418,35.04044,32.5649,35.04086,0.729246882449,0.6422812515238315
32.5649,35.04086,32.56492,35.04087,-2.21415391301,
32.56492,35.04087,32.56504,35.04093,2.06755768567,5.661295007402327
32.56504,35.04093,32.56557,35.04121,1.25573383623,0.8936723700252089
32.56557,35.04121,32.56641,35.04157,1.44315370794,0.5956351010388254
32.56641,35.04157,32.56657,35.04164,1.73889095478,2.3254527836565106
32.56657,35.04164,32.56681,35.04172,1.82158120595,1.475787155947346
32.56681,35.04172,32.56705,35.0418,1.23773495904,1.3723393440669205
32.56705,35.0418,32.56711,35.04181,3.12644660359,6.4412969992055285
32.56711,35.04181,32.56939,35.04256,2.18200256785,0.3207080873805911
32.56939,35.04256,32.57085,35.04303,2.75837784805,0.43996752985533977
32.57085,35.04303,32.57099,35.04308,3.19019456198,1.6457132434468444
32.57099,35.04308,32.57194,35.04336,3.335463257,0.5821004688092659
32.57194,35.04336,32.57503,35.04439,3.35982676737,0.2703124328443246
32.57503,35.04439,32.57641,35.04483,3.34972674553,0.33287305523120386
32.57641,35.04483,32.57659,35.04489,1.95396543621,2.5250264156252222
32.57659,35.04489,32.5768,35.04496,5.13130780222,5.7351955811296875
32.5768,35.04496,32.57701,35.04503,1.38964161788,3.3104704401238365
32.57701,35.04503,32.57811,35.04539,2.22381593161,0.35012881660546924
32.57811,35.04539,32.57886,35.04563,1.68363601109,0.3720384246654314
32.57886,35.04563,32.57982,35.04594,0.563357781907,0.3324422726143484
32.57982,35.04594,32.58145,35.04646,-0.435889548088,0.312829638641352
32.58145,35.04646,32.58159,35.04651,-1.41097778505,2.5679341807548126
32.58159,35.04651,32.58297,35.04692,-1.36569987106,0.369868902312934
32.58297,35.04692,32.58307,35.04695,-2.16978241386,3.209696130387602
32.58307,35.04695,32.58346,35.04708,-1.77773081021,1.1880990707060495
32.58346,35.04708,32.58358,35.04711,-1.65587616863,2.7883130237796196
32.58358,35.04711,32.58467,35.04745,-1.64558114309,0.45422338974557597
32.58467,35.04745,32.58538,35.04763,-1.93106134904,0.536366770590195
32.58538,35.04763,32.58545,35.04765,1.76131400885,10.806338717784657
32.58545,35.04765,32.58574,35.04768,-2.23469178794,3.2194299006859484
32.58574,35.04768,32.58592,35.04771,0.37282735417,1.7858205072904083
32.58592,35.04771,32.58614,35.04773,-1.15360513765,2.8098206486112582
32.58614,35.04773,32.58659,35.04775,-0.39231539878,0.9899443066624088
32.58659,35.04775,32.58673,35.04775,0.988199987788,2.4718643846763912
32.58673,35.04775,32.58689,35.04776,0.695086813766,1.1356758216129876
32.58689,35.04776,32.58691,35.04776,,
32.58691,35.04776,32.58761,35.04773,1.28037416254,0.5429786116671014
32.58761,35.04773,32.58827,35.04766,2.25912653279,0.8028793400746812
32.58827,35.04766,32.58902,35.04753,2.90749403503,0.5719629248426948
32.58902,35.04753,32.58959,35.04737,3.93254860045,0.5527896172800477
32.58959,35.04737,32.59394,35.04594,2.4258576535,0.10887663835946791
32.59394,35.04594,32.59477,35.04566,0.286004719925,1.0187213154354788
32.59477,35.04566,32.59536,35.04546,-0.534597218366,0.843727811356414
32.59536,35.04546,32.59732,35.04483,-1.55502269262,0.26912285986269985
32.59732,35.04483,32.59809,35.04463,-3.27416985204,0.6377842493254146
32.59809,35.04463,32.59887,35.04447,-3.362061308,0.5738742179857649
32.59887,35.04447,32.59903,35.04445,-4.25906702243,2.488921831289315
32.59903,35.04445,32.59915,35.04444,-3.13771405662,1.584805667580232
32.59915,35.04444,32.59945,35.0444,-3.20967902147,1.1763295952211865
32.59945,35.0444,32.59958,35.04439,-2.62674288153,2.217982281785765
32.59958,35.04439,32.59969,35.04438,-3.86565175544,2.468337345518192
32.59969,35.04438,32.60017,35.04435,-2.13685333455,0.8842440121976632
32.60017,35.04435,32.60093,35.04434,-1.60217274488,0.4577569981220696
32.60093,35.04434,32.60161,35.04438,-0.162487740742,0.5877206915995115
32.60161,35.04438,32.6022,35.04445,0.440948976267,0.8544177807559413
32.6022,35.04445,32.60283,35.04458,1.72818434723,0.815945644255031
32.60283,35.04458,32.60342,35.04472,2.52075033773,0.870040721010961
32.60342,35.04472,32.60344,35.04472,,
32.60344,35.04472,32.60359,35.04477,3.35752848034,2.7944769217394763
32.60359,35.04477,32.60374,35.04481,3.2984202526,1.4851216310068398
32.60374,35.04481,32.60404,35.0449,2.69508581838,1.1330836516196596
32.60404,35.0449,32.6044,35.045,3.0832469841,0.9413623989755948
32.6044,35.045,32.60474,35.04512,2.26016524037,1.0270578481420902
32.60474,35.04512,32.60505,35.04523,3.14008202787,1.0065692996998172
32.60505,35.04523,32.60591,35.0456,2.85819204105,0.5456085598624713
32.60591,35.0456,32.60691,35.0462,2.91532024742,0.3927184695294087
32.60691,35.0462,32.60706,35.04628,3.06114377484,1.66436783373377
32.60706,35.04628,32.60764,35.04664,2.85323382192,0.9440715697676785
32.60764,35.04664,32.60827,35.04704,2.37705662839,0.7757954142363771
32.60827,35.04704,32.60831,35.04706,2.57712499478,5.0064782964024985
32.60831,35.04706,32.60925,35.04764,2.2316533167,0.48208890803553456
32.60925,35.04764,32.61003,35.04816,1.40050529097,0.5260057154366785
32.61003,35.04816,32.61021,35.04827,2.91128815909,1.8382817339028614
32.61021,35.04827,32.61038,35.04839,0.0841068514088,1.7094117722192141
32.61038,35.04839,32.6112,35.04892,1.24192553997,0.45040878952499397
32.6112,35.04892,32.61201,35.04946,1.19756336358,0.4378272428776369
32.61201,35.04946,32.61249,35.04976,1.26870790007,1.0230520684489153
32.61249,35.04976,32.61326,35.05023,1.11475795956,0.36824600742342584
32.61326,35.05023,32.61445,35.051,1.0792199397,0.3343305571936876
32.61445,35.051,32.61511,35.05144,0.320039840767,0.5266021868125437
32.61511,35.05144,32.61566,35.05183,0.885878829825,0.4583810856659757
32.61566,35.05183,32.61603,35.05211,1.21113949289,0.7045270036897201
32.61603,35.05211,32.61684,35.05284,0.981532786783,0.536022391127717
32.61684,35.05284,32.61704,35.05304,1.04367955449,1.6654432827161807
32.61704,35.05304,32.61727,35.05329,0.904767248543,1.4213347330113633
32.61727,35.05329,32.6172742,35.0532886,,
32.6172742,35.0532886,32.61848,35.05461,2.01377034116,0.4490876842829282
32.61848,35.05461,32.61892,35.0551,3.07335676681,0.7220618978721255
32.61892,35.0551,32.61923,35.05537,3.08990394049,0.9526811289175835
32.61923,35.05537,32.61932,35.05546,3.77955192555,3.1257649605540005
32.61932,35.05546,32.61968,35.05582,2.24286501587,1.2194783794631994
32.61968,35.05582,32.6197,35.05583,,
32.6197,35.05583,32.62029,35.05632,2.20824116402,0.6522895121274217
32.62029,35.05632,32.62119,35.05697,2.47655780074,0.5191783164709752
32.62119,35.05697,32.62162,35.05729,2.14040785458,1.5372137914143942
32.62162,35.05729,32.6221,35.05768,2.64113998233,0.5748057522019752
32.6221,35.05768,32.62236,35.05787,2.59405608546,1.2660963009317954
32.62236,35.05787,32.62264,35.05808,2.87911044094,0.9296334576896913
32.62264,35.05808,32.62452,35.05949,2.71872535957,0.20111085251016372
32.62452,35.05949,32.62536,35.06012,2.8917530416,0.6925872102344458
32.62536,35.06012,32.62549,35.06022,1.23222480541,3.367126422079411
32.62549,35.06022,32.62557,35.06029,3.34760782028,3.33422337215357
32.62557,35.06029,32.62569,35.06039,2.90244556723,3.000311151519728
32.62569,35.06039,32.62659,35.06112,2.87382877569,0.36999358977896857
32.62659,35.06112,32.62706,35.06153,3.4449228664,0.6795973279799572
32.62706,35.06153,32.62724,35.06167,4.05763863148,3.452478378828633
32.62724,35.06167,32.62757,35.06194,2.84299101537,1.6760393766521415
32.62757,35.06194,32.62777,35.0621,3.77147275448,0.973558949175288
32.62777,35.0621,32.62804,35.06227,3.01947618181,1.0368327313472117
32.62804,35.06227,32.62832,35.06242,2.89013562359,0.7937102807867586
32.62832,35.06242,32.62872,35.06259,2.80074458689,0.7607858808243474
32.62872,35.06259,32.62915,35.06273,2.71427099003,0.9396269165058071
32.62915,35.06273,32.62966,35.0629,2.61358994534,0.5073061836467851
32.62966,35.0629,32.63013,35.06304,2.30252441666,0.612556444101369
32.63013,35.06304,32.63031,35.06308,2.55453015578,1.3066135066114086
32.63031,35.06308,32.63062,35.06316,3.19242786159,0.9737578919762876
32.63062,35.06316,32.63083,35.06322,2.01127649222,1.7979909569473707
32.63083,35.06322,32.63096,35.06325,4.31150144965,5.811657239328359
32.63096,35.06325,32.63172,35.06346,1.99240705789,0.7863072535954876
32.63172,35.06346,32.63218,35.06361,1.11939807062,0.7065958134548328
32.63218,35.06361,32.63279,35.06383,0.887269804893,0.30443443618913996
32.63279,35.06383,32.63623,35.06508,-1.29498180135,0.20331247057231008
32.63623,35.06508,32.63679,35.06527,-2.21406361367,0.7028712699311918
32.63679,35.06527,32.63722,35.06546,-2.02364539059,3.5354596584030196
32.63722,35.06546,32.63751,35.06561,-2.64800028095,0.9281990146240063
32.63751,35.06561,32.63777,35.06576,-2.92231338123,0.9886757934417855
32.63777,35.06576,32.63802,35.06592,-2.54908699312,2.1553843805048993
32.63802,35.06592,32.63828,35.06611,-3.04321343859,3.4813924047562534
32.63828,35.06611,32.63848,35.06628,-3.7690416844,2.037579223379752
32.63848,35.06628,32.63872,35.06649,-4.20126221456,1.696969992332408
32.63872,35.06649,32.63886,35.06663,-4.86702929235,3.4502761805877764
32.63886,35.06663,32.63905,35.06685,-4.21473278422,0.976911002828916
32.63905,35.06685,32.63927,35.06716,-4.53705264188,1.3184934030526725
32.63927,35.06716,32.63951,35.06752,-4.48957936886,1.117785720227783
32.63951,35.06752,32.63963,35.06772,-5.99959512312,2.3687581446692967
32.63963,35.06772,32.63977,35.06797,-4.61669745794,2.255263416166624
32.63977,35.06797,32.63998,35.06838,-5.13561853233,1.1291227158198092
32.63998,35.06838,32.6401,35.06869,-5.49212128222,1.6016500199400983
32.6401,35.06869,32.64016,35.06888,-4.83502673211,2.0684316040291715
32.64016,35.06888,32.64028,35.06923,-5.11504111124,0.8850021741246922
32.64028,35.06923,32.64041,35.06979,-5.15850938675,0.9812016589532333
32.64041,35.06979,32.6409,35.07217,-4.58622271491,0.3601355685843512
32.6409,35.07217,32.64094,35.07239,-5.30247481153,1.6044578593463774
32.64094,35.07239,32.6412,35.07359,-4.25296603696,0.4754665561361692
32.6412,35.07359,32.64141,35.07441,-3.9468218355,0.8296766753580062
32.64141,35.07441,32.64153,35.07479,-5.01082860563,1.6535876748246376
32.64153,35.07479,32.64169,35.07527,-4.38126998195,1.0913530104951703
32.64169,35.07527,32.64208,35.07627,-3.96857024946,0.36687542191290073
32.64208,35.07627,32.64244,35.077,-4.09255949992,0.8094053052173764
32.64244,35.077,32.64281,35.07763,-3.71414542373,0.7150590517059543
32.64281,35.07763,32.64308,35.07804,-4.06079124754,1.3295287466864083
32.64308,35.07804,32.64336,35.07846,-4.86151597578,1.3874711661202652
32.64336,35.07846,32.64342,35.07854,-3.09652516459,4.109848357200772
32.64342,35.07854,32.64358,35.07875,-3.94847941082,1.5986933566400239
32.64358,35.07875,32.644,35.07925,-3.34204198437,1.707183013363712
32.644,35.07925,32.64444,35.07973,-3.74788858954,1.2158419129394682
32.64444,35.07973,32.64458,35.07987,-3.01850862695,1.629715705843116
32.64458,35.07987,32.64483,35.08011,-3.86987819109,1.0657500514916487
32.64483,35.08011,32.64505,35.08032,-3.93437983781,1.3543882598120087
32.64505,35.08032,32.64547,35.08066,-3.83380982083,0.7773006127538304
32.64547,35.08066,32.64643,35.08141,-3.77347234538,0.3856269981967682
32.64643,35.08141,32.64696,35.08183,-3.64180215397,0.6913885679656618
32.64696,35.08183,32.64725,35.08209,-3.12136921396,1.6898903323867194
32.64725,35.08209,32.64777,35.08257,-3.93555187035,0.9060217907721685
32.64777,35.08257,32.64811,35.08291,-3.23622262746,0.7325179473230646
32.64811,35.08291,32.64852,35.08335,-3.02094899822,1.0408630912575212
32.64852,35.08335,32.64894,35.08383,-3.04631060093,0.8410635309148414
32.64894,35.08383,32.64939,35.08442,-3.14578687668,0.7200078787891763
32.64939,35.08442,32.64982,35.08503,-2.95913368219,0.6231904406384778
32.64982,35.08503,32.65021,35.08566,-2.80709527548,0.6999567894025116
32.65021,35.08566,32.6505,35.08617,-2.46342107603,0.87476931762964
32.6505,35.08617,32.65056,35.08629,-4.62542768652,3.9762158262847875
32.65056,35.08629,32.65085,35.08685,-2.36209312135,0.8511603224281605
32.65085,35.08685,32.65115,35.0875,-2.43602300519,0.7260282333480803
32.65115,35.0875,32.65137,35.08801,-2.61332690832,0.6821547591855469
32.65137,35.08801,32.65171,35.08913,-1.91481897849,0.7640884242672906
32.65171,35.08913,32.65199,35.09021,-1.97723293734,0.7438809250155177
32.65199,35.09021,32.65232,35.09148,-1.84236096216,0.6108872470004516
32.65232,35.09148,32.65258,35.09241,-1.52201665621,0.5922548848198433
32.65258,35.09241,32.65289,35.09329,-1.38174279603,0.5732286013570611
32.65289,35.09329,32.65319,35.09405,-1.95130805453,0.5476900704565881
32.65319,35.09405,32.65332,35.09431,-2.07668985485,0.8638454802097634
32.65332,35.09431,32.65366,35.09497,-2.08484190429,0.6502717415311684
32.65366,35.09497,32.65404,35.09569,-2.36970819836,0.7602930681226371
32.65404,35.09569,32.65439,35.09636,-1.64104847583,0.7048973635952839
32.65439,35.09636,32.65476,35.09709,-1.97202156973,0.5380893410065655
32.65476,35.09709,32.65509,35.09774,-1.45700679519,0.6541068390012096
32.65509,35.09774,32.65527,35.09816,-1.79203816289,1.1915262964264794
32.65527,35.09816,32.65548,35.0986,-1.94647477051,1.0896594434212976
32.65548,35.0986,32.65562,35.09894,-2.03500501306,1.5914342772539805
32.65562,35.09894,32.6559,35.09962,-2.14012815953,1.1458221578134573
32.6559,35.09962,32.65601,35.09989,-1.95989630221,1.7161929627877377
32.65601,35.09989,32.65614,35.10009,-2.13593610341,1.7298247972845102
32.65614,35.10009,32.65636,35.1004,-1.90054023987,0.5974166644271596
32.65636,35.1004,32.65656,35.10059,,
32.65656,35.10059,32.65682,35.10089,,
32.65682,35.10089,32.65706,35.10115,-2.58909004975,
32.65706,35.10115,32.65747,35.10152,,
32.65747,35.10152,32.65782,35.10194,-2.524681146,0.9273827981192476
32.65782,35.10194,32.65818,35.10242,-2.16853172024,0.959762106771254
32.65818,35.10242,32.65832,35.10259,-2.35597718233,1.7214915642553181
32.65832,35.10259,32.65833,35.10261,,
32.65833,35.10261,32.65859,35.10287,-2.8583266343,1.7190564841816234
32.65859,35.10287,32.65896,35.10323,-2.08842772463,1.1199941278733123
32.65896,35.10323,32.65931,35.10357,-2.27991499469,1.0362537943573997
32.65931,35.10357,32.65975,35.10395,-2.58095427746,1.9195599973380955
32.65975,35.10395,32.65978,35.10397,-3.83167978595,5.447749336886419
32.65978,35.10397,32.66011,35.10421,-2.79823753248,0.7965390856466067
32.66011,35.10421,32.66079,35.10468,-3.26906186737,1.3631142361497381
32.66079,35.10468,32.66089,35.10473,-3.77312395439,4.2867880015985005
32.66089,35.10473,32.66116,35.1049,-1.49043332925,1.3795970357919718
32.66116,35.1049,32.66121,35.10493,-2.67587875626,8.256023510208363
32.66121,35.10493,32.66128,35.10499,-1.57283395004,5.068925572475443
32.66128,35.10499,32.66157,35.10519,0.334193899816,1.123816746572199
32.66157,35.10519,32.66294,35.10598,-0.683521285264,0.30366109146011405
32.66294,35.10598,32.66328,35.10614,-1.63111418983,1.2128392975006836
32.66328,35.10614,32.66333,35.10616,-2.72726652283,4.644415009525239
32.66333,35.10616,32.66346,35.1062,-1.71066000548,2.6211129483169353
32.66346,35.1062,32.66357,35.10623,-3.60194384881,3.8695688451540873
32.66357,35.10623,32.66412,35.1064,-2.50997163269,0.8523455267132214
32.66412,35.1064,32.66455,35.10656,-2.57578815495,1.4629594646463278
32.66455,35.10656,32.6648,35.10668,-1.95642807078,1.52424688086575
32.6648,35.10668,32.66482,35.10669,,
32.66482,35.10669,32.66503,35.10683,-2.31072936951,1.2024774812820056
32.66503,35.10683,32.66516,35.10694,-1.65235555014,2.4184632627997296
32.66516,35.10694,32.66566,35.10743,-2.2921859018,0.8971558022155631
32.66566,35.10743,32.66576,35.10754,-2.29913048752,1.3333434344356376
32.66576,35.10754,32.66586,35.10764,-1.88558775937,2.176023145101909
32.66586,35.10764,32.66603,35.1078,-2.63634473903,1.4698960126853609
32.66603,35.1078,32.66612,35.10788,-1.75315505929,3.322574295931536
32.66612,35.10788,32.66631,35.10803,-2.78801618432,1.6560340082832863
32.66631,35.10803,32.66647,35.10814,-1.33320578678,2.234585285736181
32.66647,35.10814,32.66682,35.10833,-1.89403381411,0.8570380442626099
32.66682,35.10833,32.66687,35.10836,-1.78149828283,6.055075272630121
32.66687,35.10836,32.66696,35.10839,-2.12855096733,2.634470819661677
32.66696,35.10839,32.66709,35.10844,-1.87188834086,2.1505698185950877
32.66709,35.10844,32.6672,35.10847,-0.837758129765,2.3829802818742887
32.6672,35.10847,32.66732,35.10851,-0.864031230008,1.6507488154839274
32.66732,35.10851,32.66743,35.10853,-0.873469023862,2.1057168189121995
32.66743,35.10853,32.6675,35.10854,-1.17887579322,4.5797400958844765
32.6675,35.10854,32.66776,35.10856,-0.463622035091,1.738430317996417
32.66776,35.10856,32.66808,35.10853,-0.406042048113,1.2469272417424686
32.66808,35.10853,32.6684,35.10849,0.710615037775,4.124931897763435
32.6684,35.10849,32.66894,35.10842,0.792576314837,0.5995315461049574
32.66894,35.10842,32.66935,35.10837,1.12184350508,0.8386779104760617
32.6693453,35.1083664,32.66935,35.10837,,
